reference_point,reference_x_m,reference_y_m,raw_side,surface
1,0.0612568893313,0.0562284443141,upper,suction
2,0.0611325645374,0.0565988676522,upper,suction
3,0.0610081591979,0.0569692639109,upper,suction
4,0.0608836714565,0.0573396324496,upper,suction
5,0.060759099457,0.0577099726276,upper,suction
6,0.0606344413431,0.0580802838043,upper,suction
7,0.0605096952588,0.0584505653391,upper,suction
8,0.0603848593477,0.0588208165914,upper,suction
9,0.0602599317536,0.0591910369204,upper,suction
10,0.0601349106763,0.0595612257041,upper,suction
11,0.0600097949483,0.0599313825301,upper,suction
12,0.059884584319,0.0603015072897,upper,suction
13,0.0597592788817,0.0606715999881,upper,suction
14,0.0596338787342,0.061041660632,upper,suction
15,0.0595083839742,0.0614116892283,upper,suction
16,0.0593827946997,0.0617816857836,upper,suction
17,0.0592571110083,0.0621516503047,upper,suction
18,0.0591313329979,0.0625215827983,upper,suction
19,0.0590054607663,0.0628914832712,upper,suction
20,0.0588794944112,0.06326135173,upper,suction
21,0.0587534340304,0.0636311881817,upper,suction
22,0.0586272797218,0.0640009926328,upper,suction
23,0.0585010315831,0.0643707650902,upper,suction
24,0.0583746897121,0.0647405055605,upper,suction
25,0.0582482542066,0.0651102140505,upper,suction
26,0.0581217250072,0.0654798905122,upper,suction
27,0.0579951010186,0.0658495345365,upper,suction
28,0.0578683799615,0.0662191453018,upper,suction
29,0.0577415592513,0.0665887218801,upper,suction
30,0.0576146363031,0.0669582633432,upper,suction
31,0.0574876085318,0.067327768763,upper,suction
32,0.0573604733526,0.0676972372113,upper,suction
33,0.0572332281805,0.0680666677599,upper,suction
34,0.0571058704305,0.0684360594808,upper,suction
35,0.0569783975177,0.0688054114457,upper,suction
36,0.0568508068571,0.0691747227265,upper,suction
37,0.0567230958637,0.0695439923951,upper,suction
38,0.0565952619526,0.0699132195232,upper,suction
39,0.0564673025389,0.0702824031828,upper,suction
40,0.0563392150376,0.0706515424457,upper,suction
41,0.0562109968637,0.0710206363837,upper,suction
42,0.0560826454487,0.0713896840697,upper,suction
43,0.055954158292,0.0717586845806,upper,suction
44,0.0558255329548,0.0721276369968,upper,suction
45,0.0556967670086,0.0724965403997,upper,suction
46,0.055567858025,0.0728653938703,upper,suction
47,0.0554388035753,0.0732341964899,upper,suction
48,0.055309601231,0.0736029473396,upper,suction
49,0.0551802485636,0.0739716455007,upper,suction
50,0.0550507431446,0.0743402900543,upper,suction
51,0.0549210825454,0.0747088800815,upper,suction
52,0.0547912643376,0.0750774146637,upper,suction
53,0.0546612860924,0.0754458928818,upper,suction
54,0.0545311453815,0.0758143138173,upper,suction
55,0.0544008397763,0.0761826765511,upper,suction
56,0.0542703668482,0.0765509801645,upper,suction
57,0.0541397241663,0.0769192237377,upper,suction
58,0.054008909057,0.0772874062487,upper,suction
59,0.053877918168,0.0776555263901,upper,suction
60,0.0537467476619,0.0780235826506,upper,suction
61,0.0536153936543,0.0783915734988,upper,suction
62,0.0534838522611,0.0787594974038,upper,suction
63,0.0533521195981,0.0791273528342,upper,suction
64,0.053220191781,0.079495138259,upper,suction
65,0.0530880649257,0.079862852147,upper,suction
66,0.0529557351478,0.0802304929671,upper,suction
67,0.0528231985632,0.0805980591881,upper,suction
68,0.0526904512877,0.0809655492788,upper,suction
69,0.052557489437,0.0813329617082,upper,suction
70,0.0524243091269,0.081700294945,upper,suction
71,0.0522909064732,0.0820675474582,upper,suction
72,0.0521572775916,0.0824347177165,upper,suction
73,0.0520234186095,0.0828018041923,upper,suction
74,0.0518893259737,0.0831688054576,upper,suction
75,0.051754996776,0.0835357202843,upper,suction
76,0.0516204284616,0.0839025475547,upper,suction
77,0.0514856184925,0.0842692861559,upper,suction
78,0.0513505643308,0.0846359349753,upper,suction
79,0.0512152634387,0.0850024929001,upper,suction
80,0.0510797132782,0.0853689588177,upper,suction
81,0.0509439113114,0.0857353316153,upper,suction
82,0.0508078550004,0.0861016101803,upper,suction
83,0.0506715418073,0.0864677933999,upper,suction
84,0.0505349691942,0.0868338801615,upper,suction
85,0.0503981346233,0.0871998693523,upper,suction
86,0.0502610355565,0.0875657598596,upper,suction
87,0.0501236694561,0.0879315505708,upper,suction
88,0.0499860337841,0.0882972403731,upper,suction
89,0.0498481258491,0.0886628280887,upper,suction
90,0.0497099409664,0.0890283116941,upper,suction
91,0.0495714713976,0.0893936878701,upper,suction
92,0.0494327081686,0.0897589527732,upper,suction
93,0.0492936422838,0.0901241025511,upper,suction
94,0.0491542647478,0.0904891333511,upper,suction
95,0.0490145665651,0.0908540413208,upper,suction
96,0.0488745387402,0.0912188226077,upper,suction
97,0.0487341722776,0.0915834733593,upper,suction
98,0.0485934581818,0.091947989723,upper,suction
99,0.0484523874572,0.0923123678464,upper,suction
100,0.0483109511084,0.0926766038769,upper,suction
101,0.0481691401398,0.0930406939621,upper,suction
102,0.0480269455561,0.0934046342494,upper,suction
103,0.0478843583615,0.0937684208864,upper,suction
104,0.0477413695608,0.0941320500205,upper,suction
105,0.0475979704899,0.0944955179141,upper,suction
106,0.0474541549213,0.0948588216725,upper,suction
107,0.0473099195547,0.0952219594147,upper,suction
108,0.0471652619147,0.0955849295448,upper,suction
109,0.0470201795278,0.0959477304678,upper,suction
110,0.0468746699203,0.0963103605884,upper,suction
111,0.0467287306189,0.0966728183117,upper,suction
112,0.0465823591499,0.0970351020425,upper,suction
113,0.0464355530398,0.0973972101857,upper,suction
114,0.0462883098151,0.0977591411461,upper,suction
115,0.0461406270022,0.0981208933288,upper,suction
116,0.0459925021277,0.0984824651386,upper,suction
117,0.0458439327179,0.0988438549804,upper,suction
118,0.0456949162994,0.099205061259,upper,suction
119,0.0455454503986,0.0995660823794,upper,suction
120,0.0453955325419,0.0999269167465,upper,suction
121,0.0452451593629,0.100287562346,upper,suction
122,0.0450943234034,0.100648015242,upper,suction
123,0.0449430132913,0.10100826966,upper,suction
124,0.0447912169381,0.101368319491,upper,suction
125,0.0446389222558,0.101728158624,upper,suction
126,0.0444861171561,0.10208778095,upper,suction
127,0.0443327895506,0.102447180358,upper,suction
128,0.0441789273512,0.102806350739,upper,suction
129,0.0440245184696,0.103165285982,upper,suction
130,0.0438695508176,0.103523979977,upper,suction
131,0.0437140123069,0.103882426614,upper,suction
132,0.0435578908493,0.104240619783,upper,suction
133,0.0434011743565,0.104598553375,upper,suction
134,0.0432438507403,0.104956221278,upper,suction
135,0.0430859079125,0.105313617384,upper,suction
136,0.0429273337699,0.105670735573,upper,suction
137,0.0427681140581,0.106027568511,upper,suction
138,0.0426082280401,0.106384105202,upper,suction
139,0.0424476501051,0.106740331893,upper,suction
140,0.0422863541144,0.107096234536,upper,suction
141,0.0421243139293,0.10745179908,upper,suction
142,0.041961503411,0.107807011477,upper,suction
143,0.0417978964209,0.108161857676,upper,suction
144,0.0416334668201,0.108516323629,upper,suction
145,0.0414681884701,0.108870395284,upper,suction
146,0.0413020352321,0.109224058594,upper,suction
147,0.0411349809674,0.109577299508,upper,suction
148,0.0409669995373,0.109930103976,upper,suction
149,0.040798064803,0.110282457949,upper,suction
150,0.0406281506259,0.110634347378,upper,suction
151,0.0404572308672,0.110985758213,upper,suction
152,0.0402852791996,0.111336676261,upper,suction
153,0.0401122626537,0.111687082291,upper,suction
154,0.0399381338995,0.112036946176,upper,suction
155,0.0397628372165,0.112386231426,upper,suction
156,0.0395863164014,0.112734901182,upper,suction
157,0.0394085152506,0.113082918588,upper,suction
158,0.0392293775606,0.113430246785,upper,suction
159,0.0390488471279,0.113776848916,upper,suction
160,0.038866867749,0.114122688123,upper,suction
161,0.0386833832205,0.114467727548,upper,suction
162,0.0384983373387,0.114811930334,upper,suction
163,0.0383116739002,0.115155259623,upper,suction
164,0.0381233367015,0.115497678557,upper,suction
165,0.0379332695392,0.115839150278,upper,suction
166,0.0377414162096,0.11617963793,upper,suction
167,0.0375477205093,0.116519104654,upper,suction
168,0.0373521259638,0.116857512949,upper,suction
169,0.0371545720818,0.117194815782,upper,suction
170,0.0369549918925,0.117530950744,upper,suction
171,0.0367533156297,0.117865848791,upper,suction
172,0.0365494734648,0.118199440731,upper,suction
173,0.0363433955696,0.118531657374,upper,suction
174,0.0361350121154,0.118862429528,upper,suction
175,0.0359242532739,0.119191688001,upper,suction
176,0.0357110492166,0.119519363603,upper,suction
177,0.0354953301151,0.119845387143,upper,suction
178,0.0352770261409,0.120169689428,upper,suction
179,0.0350560674655,0.120492201269,upper,suction
180,0.0348323842606,0.120812853472,upper,suction
181,0.0346059066976,0.121131576848,upper,suction
182,0.0343765649482,0.121448302205,upper,suction
183,0.0341442891838,0.121762960352,upper,suction
184,0.0339090094303,0.122075478771,upper,suction
185,0.0336706545575,0.122385758556,upper,suction
186,0.0334291519964,0.122693667963,upper,suction
187,0.0331844287487,0.122999065439,upper,suction
188,0.0329364118142,0.123301809398,upper,suction
189,0.0326850281929,0.123601758252,upper,suction
190,0.0324302048846,0.123898770414,upper,suction
191,0.0321718688895,0.124192704297,upper,suction
192,0.0319099472073,0.124483418315,upper,suction
193,0.0316443668381,0.124770770879,upper,suction
194,0.0313750547817,0.125054620402,upper,suction
195,0.0311019380382,0.125334825298,upper,suction
196,0.0308249436074,0.12561124398,upper,suction
197,0.0305439984893,0.125883734859,upper,suction
198,0.0302590296839,0.126152156349,upper,suction
199,0.0299699641914,0.126416366863,upper,suction
200,0.0296767370038,0.126676217102,upper,suction
201,0.0293793197879,0.126931522381,upper,suction
202,0.0290777193268,0.127182064131,upper,suction
203,0.0287719488366,0.127427617578,upper,suction
204,0.0284620215337,0.127667957946,upper,suction
205,0.028147950634,0.12790286046,upper,suction
206,0.0278297493538,0.128132100346,upper,suction
207,0.0275074309092,0.128355452827,upper,suction
208,0.0271810085165,0.128572693129,upper,suction
209,0.0268504953918,0.128783596476,upper,suction
210,0.0265159047512,0.128987938094,upper,suction
211,0.0261772498109,0.129185493207,upper,suction
212,0.0258345437871,0.12937603704,upper,suction
213,0.025487799896,0.129559344817,upper,suction
214,0.0251370313536,0.129735191765,upper,suction
215,0.0247822517924,0.129903353137,upper,suction
216,0.0244235108343,0.130063606889,upper,suction
217,0.0240609559742,0.130215738306,upper,suction
218,0.0236948032993,0.130359537817,upper,suction
219,0.0233252751897,0.130494796319,upper,suction
220,0.0229525940256,0.130621304713,upper,suction
221,0.0225769821873,0.130738853897,upper,suction
222,0.0221986620549,0.13084723477,upper,suction
223,0.0218178560086,0.13094623823,upper,suction
224,0.0214347864287,0.131035655178,upper,suction
225,0.0210496756954,0.131115276512,upper,suction
226,0.0206627461888,0.13118489313,upper,suction
227,0.0202742202892,0.131244295932,upper,suction
228,0.0198843203768,0.131293275817,upper,suction
229,0.0194932688317,0.131331623684,upper,suction
230,0.0191012880342,0.131359130431,upper,suction
231,0.0187086019778,0.131375591885,upper,suction
232,0.0183154616581,0.131380886333,upper,suction
233,0.0179221636631,0.131375031296,upper,suction
234,0.0175290253434,0.131358107703,upper,suction
235,0.0171363646088,0.13133019819,upper,suction
236,0.0167444993691,0.131291385393,upper,suction
237,0.0163537475341,0.131241751949,upper,suction
238,0.0159644270137,0.131181380492,upper,suction
239,0.0155768557177,0.131110353661,upper,suction
240,0.0151913515558,0.13102875409,upper,suction
241,0.014808232438,0.130936664416,upper,suction
242,0.0144278162741,0.130834167276,upper,suction
243,0.0140504209738,0.130721345305,upper,suction
244,0.0136763644471,0.130598281139,upper,suction
245,0.0133059646036,0.130465057416,upper,suction
246,0.0129395393533,0.13032175677,upper,suction
247,0.0125773932492,0.130168474139,upper,suction
248,0.0122197463527,0.130005382273,upper,suction
249,0.0118667240039,0.129832741153,upper,suction
250,0.0115184279409,0.129650832498,upper,suction
251,0.0111749598862,0.129459938042,upper,suction
252,0.0108364215625,0.129260339516,upper,suction
253,0.0105029146922,0.129052318654,upper,suction
254,0.010174540998,0.128836157188,upper,suction
255,0.00985140220239,0.128612136852,upper,suction
256,0.00953360002804,0.128380539378,upper,suction
257,0.00922123619749,0.128141646499,upper,suction
258,0.00891441243333,0.127895739948,upper,suction
259,0.00861323045813,0.127643101457,upper,suction
260,0.00831779199447,0.12738401276,upper,suction
261,0.00802819876493,0.12711875559,upper,suction
262,0.00774455231547,0.126847611653,upper,suction
263,0.0074669131598,0.126570856956,upper,suction
264,0.00719520806579,0.126288748911,upper,suction
265,0.00692925806887,0.126001530235,upper,suction
266,0.00666887136232,0.125709441857,upper,suction
267,0.00641385613943,0.125412724708,upper,suction
268,0.00616402059345,0.12511161972,upper,suction
269,0.00591917291768,0.124806367822,upper,suction
270,0.00567912130539,0.124497209946,upper,suction
271,0.00544367394986,0.124184387022,upper,suction
272,0.00521263904435,0.12386813998,upper,suction
273,0.00498582478216,0.123548709752,upper,suction
274,0.00476303935655,0.123226337268,upper,suction
275,0.0045440909608,0.122901263459,upper,suction
276,0.0043287877882,0.122573729255,upper,suction
277,0.00411693803201,0.122243975587,upper,suction
278,0.00390835151185,0.121912241748,upper,suction
279,0.00370289226262,0.121578712416,upper,suction
280,0.00350053963782,0.12124345611,upper,suction
281,0.00330133939491,0.120906474453,upper,suction
282,0.00310534096564,0.12056776537,upper,suction
283,0.00291259378176,0.120227326786,upper,suction
284,0.002723147275,0.119885156624,upper,suction
285,0.00253705087711,0.11954125281,upper,suction
286,0.00235435401983,0.119195613267,upper,suction
287,0.00217510613491,0.11884823592,upper,suction
288,0.00199935665408,0.118499118692,upper,suction
289,0.00182715500909,0.118148259509,upper,suction
290,0.00165855063169,0.117795656295,upper,suction
291,0.00149359295362,0.117441306973,upper,suction
292,0.00133233140661,0.117085209469,upper,suction
293,0.00117481542242,0.116727361706,upper,suction
294,0.0010213230035,0.116367694369,upper,suction
295,0.000873275005871,0.11600580195,upper,suction
296,0.000733235139111,0.115640942741,upper,suction
297,0.000603992492056,0.115272309259,upper,suction
298,0.000487834206044,0.114899323643,upper,suction
299,0.000385512628917,0.114522110147,upper,suction
300,0.000296615060906,0.114141325995,upper,suction
301,0.000220606843261,0.113757684646,upper,suction
302,0.000157161743889,0.113371817299,upper,suction
303,0.00010638081436,0.112984186523,upper,suction
304,6.86029924958e-05,0.112595160999,upper,suction
305,4.41609409439e-05,0.112205106793,upper,suction
306,3.31714449574e-05,0.111814414944,upper,suction
307,3.5432759871e-05,0.111423513341,lower,pressure
308,5.06204967222e-05,0.11103284406,lower,pressure
309,7.84461966393e-05,0.110642850859,lower,pressure
310,0.000118857500583,0.110253986779,lower,pressure
311,0.000172065586723,0.109866715227,lower,pressure
312,0.000238346651093,0.109481502157,lower,pressure
313,0.000317905295442,0.109098806979,lower,pressure
314,0.000410683888497,0.108719065132,lower,pressure
315,0.000516402617014,0.10834269175,lower,pressure
316,0.000634750508781,0.107970098719,lower,pressure
317,0.000765431086243,0.107601679868,lower,pressure
318,0.000908182239515,0.107237786204,lower,pressure
319,0.00106276356444,0.106878741691,lower,pressure
320,0.00122894088107,0.1065248726,lower,pressure
321,0.00140655753803,0.106176575039,lower,pressure
322,0.00159558721168,0.105834362521,lower,pressure
323,0.00179606262798,0.105498801748,lower,pressure
324,0.00200799070529,0.105170436807,lower,pressure
325,0.00223115980749,0.104849619962,lower,pressure
326,0.00246508558377,0.104536464118,lower,pressure
327,0.00270920185681,0.104231010363,lower,pressure
328,0.00296302856349,0.103933408459,lower,pressure
329,0.00322647298365,0.103644296467,lower,pressure
330,0.00349980879966,0.103364774345,lower,pressure
331,0.00378337039443,0.103096017984,lower,pressure
332,0.00407702108467,0.102838551031,lower,pressure
333,0.00437930647196,0.102591072615,lower,pressure
334,0.00468783007964,0.102350977459,lower,pressure
335,0.00500012881039,0.102115560299,lower,pressure
336,0.00531430875141,0.101882720704,lower,pressure
337,0.00562956200398,0.101651512269,lower,pressure
338,0.00594564472245,0.101421587965,lower,pressure
339,0.00626233624523,0.101192625401,lower,pressure
340,0.0065794159107,0.100964302185,lower,pressure
341,0.00689666305728,0.100736295924,lower,pressure
342,0.00721385702338,0.100508284227,lower,pressure
343,0.00753077714738,0.100279944702,lower,pressure
344,0.00784720276771,0.100050954956,lower,pressure
345,0.00816291322276,0.0998209925982,lower,pressure
346,0.00847768989636,0.0995897382799,lower,pressure
347,0.00879137692592,0.0993569660366,lower,pressure
348,0.00910394859264,0.0991226435713,lower,pressure
349,0.00941545241424,0.0988868475705,lower,pressure
350,0.00972593970928,0.0986496603763,lower,pressure
351,0.0100354617963,0.0984111643313,lower,pressure
352,0.0103440699938,0.0981714417777,lower,pressure
353,0.0106518156204,0.0979305750579,lower,pressure
354,0.0109587499947,0.0976886465144,lower,pressure
355,0.011264924435,0.0974457384894,lower,pressure
356,0.0115703902601,0.0972019333252,lower,pressure
357,0.0118751987884,0.0969573133644,lower,pressure
358,0.0121793968702,0.0967119543012,lower,pressure
359,0.0124830040952,0.0964658912719,lower,pressure
360,0.0127860100128,0.0962191147191,lower,pressure
361,0.0130883969212,0.0959716042964,lower,pressure
362,0.0133901471153,0.0957233396532,lower,pressure
363,0.0136912428901,0.0954743004388,lower,pressure
364,0.0139916665408,0.0952244663024,lower,pressure
365,0.0142914003623,0.0949738168934,lower,pressure
366,0.0145904266497,0.094722331861,lower,pressure
367,0.014888727698,0.0944699908546,lower,pressure
368,0.0151862858022,0.0942167735234,lower,pressure
369,0.0154830833382,0.0939626596401,lower,pressure
370,0.0157791063292,0.0937076345494,lower,pressure
371,0.0160743492602,0.0934516965218,lower,pressure
372,0.0163688118661,0.0931948518478,lower,pressure
373,0.0166624942367,0.0929371073598,lower,pressure
374,0.0169553964618,0.0926784698906,lower,pressure
375,0.0172475186312,0.0924189462727,lower,pressure
376,0.0175388608348,0.0921585433386,lower,pressure
377,0.0178294231623,0.0918972679209,lower,pressure
378,0.0181192057035,0.0916351268523,lower,pressure
379,0.0184082085484,0.0913721269653,lower,pressure
380,0.0186964317866,0.0911082750925,lower,pressure
381,0.0189838757241,0.0908435781527,lower,pressure
382,0.0192705422696,0.090578043705,lower,pressure
383,0.0195564352665,0.0903116800812,lower,pressure
384,0.019841559107,0.090044495832,lower,pressure
385,0.0201259181848,0.0897764995092,lower,pressure
386,0.0204095168937,0.0895076996641,lower,pressure
387,0.0206923596274,0.0892381048483,lower,pressure
388,0.0209744507796,0.0889677236134,lower,pressure
389,0.0212557947439,0.0886965645107,lower,pressure
390,0.0215363959141,0.0884246360919,lower,pressure
391,0.0218162586839,0.0881519469084,lower,pressure
392,0.022095387422,0.0878785054872,lower,pressure
393,0.0223737846555,0.087604318545,lower,pressure
394,0.0226514480817,0.0873293880499,lower,pressure
395,0.0229283721001,0.0870537127285,lower,pressure
396,0.0232045508263,0.0867772910284,lower,pressure
397,0.023479978376,0.0865001213969,lower,pressure
398,0.0237546488648,0.0862222022816,lower,pressure
399,0.0240285564084,0.08594353213,lower,pressure
400,0.0243016951226,0.0856641093894,lower,pressure
401,0.0245740591228,0.0853839325074,lower,pressure
402,0.0248456425249,0.0851029999315,lower,pressure
403,0.0251164394444,0.0848213101091,lower,pressure
404,0.0253864444621,0.084538861914,lower,pressure
405,0.0256556564251,0.0842556581311,lower,pressure
406,0.0259240798396,0.0839717067332,lower,pressure
407,0.0613811354357,0.0558579945372,upper,suction
408,0.0615053047068,0.0554875189622,upper,suction
409,0.061629399001,0.0551170182296,upper,suction
410,0.0617534201743,0.0547464929803,upper,suction
411,0.0618773700831,0.0543759438546,upper,suction
412,0.0620012505834,0.0540053714934,upper,suction
413,0.0621250634897,0.0536347765233,upper,suction
414,0.0622488095743,0.0532641592243,upper,suction
415,0.0623724875903,0.0528935192049,upper,suction
416,0.0624960952253,0.0525228557187,upper,suction
417,0.0626196301209,0.0521521680044,upper,suction
418,0.0627430899186,0.0517814553006,upper,suction
419,0.0628664722603,0.0514107168457,upper,suction
420,0.0629897747874,0.0510399518785,upper,suction
421,0.0631129951417,0.0506691596374,upper,suction
422,0.0632361309648,0.050298339361,upper,suction
423,0.0633591798983,0.0499274902878,upper,suction
424,0.0634821395838,0.0495566116565,upper,suction
425,0.0636050076631,0.0491857027056,upper,suction
426,0.0637277817777,0.0488147626737,upper,suction
427,0.0638504595693,0.0484437907993,upper,suction
428,0.0639730386795,0.048072786321,upper,suction
429,0.0640955168169,0.0477017484997,upper,suction
430,0.0642178925102,0.0473306768693,upper,suction
431,0.0643401655152,0.0469595713727,upper,suction
432,0.0644623360692,0.046588432113,upper,suction
433,0.0645844044169,0.0462172591958,upper,suction
434,0.064706370803,0.0458460527267,upper,suction
435,0.0648282354721,0.0454748128113,upper,suction
436,0.0649499986689,0.0451035395551,upper,suction
437,0.0650716606382,0.0447322330639,upper,suction
438,0.0651932216246,0.0443608934431,upper,suction
439,0.0653146818728,0.0439895207985,upper,suction
440,0.0654360416275,0.0436181152355,upper,suction
441,0.0655573011334,0.0432466768599,upper,suction
442,0.0656784606351,0.0428752057771,upper,suction
443,0.0657995203774,0.0425037020928,upper,suction
444,0.0659204806049,0.0421321659126,upper,suction
445,0.0660413413762,0.0417605972838,upper,suction
446,0.0661621014498,0.0413889958463,upper,suction
447,0.0662827580577,0.0410173607617,upper,suction
448,0.066403308019,0.0406456910622,upper,suction
449,0.0665237481519,0.0402739857798,upper,suction
450,0.0666440752747,0.0399022439464,upper,suction
451,0.0667642862055,0.039530464594,upper,suction
452,0.0668843777626,0.0391586467545,upper,suction
453,0.0670043467644,0.03878678946,upper,suction
454,0.0671241900289,0.0384148917423,upper,suction
455,0.0672439043746,0.0380429526335,upper,suction
456,0.0673634866196,0.0376709711654,upper,suction
457,0.0674829335822,0.0372989463702,upper,suction
458,0.0676022420806,0.0369268772796,upper,suction
459,0.0677214089331,0.0365547629257,upper,suction
460,0.067840430958,0.0361826023404,upper,suction
461,0.0679593053298,0.0358103946669,upper,suction
462,0.0680780308068,0.035438139542,upper,suction
463,0.0681966076396,0.0350658370682,upper,suction
464,0.0683150363433,0.0346934874303,upper,suction
465,0.0684333174329,0.034321090813,upper,suction
466,0.0685514514234,0.0339486474012,upper,suction
467,0.0686694388297,0.0335761573797,upper,suction
468,0.0687872801669,0.0332036209332,upper,suction
469,0.0689049759499,0.0328310382466,upper,suction
470,0.0690225266939,0.0324584095047,upper,suction
471,0.0691399329137,0.0320857348923,upper,suction
472,0.0692571951244,0.0317130145942,upper,suction
473,0.0693743138409,0.0313402487952,upper,suction
474,0.0694912895784,0.0309674376802,upper,suction
475,0.0696081228517,0.0305945814338,upper,suction
476,0.0697248141662,0.0302216802381,upper,suction
477,0.0698413626004,0.0298487338655,upper,suction
478,0.0699577629306,0.0294757408529,upper,suction
479,0.070074006696,0.0291026988078,upper,suction
480,0.0701900850848,0.0287296052366,upper,suction
481,0.0703059892849,0.0283564576461,upper,suction
482,0.0704217104845,0.0279832535428,upper,suction
483,0.0705372398716,0.0276099904333,upper,suction
484,0.0706525686345,0.0272366658243,upper,suction
485,0.0707676879611,0.0268632772222,upper,suction
486,0.0708825890396,0.0264898221338,upper,suction
487,0.070997263058,0.0261162980657,upper,suction
488,0.0711117012045,0.0257427025244,upper,suction
489,0.0712258946671,0.0253690330165,upper,suction
490,0.0713398346339,0.0249952870486,upper,suction
491,0.0714535122931,0.0246214621274,upper,suction
492,0.0715669189403,0.0242475557899,upper,suction
493,0.0716800495277,0.0238735666102,upper,suction
494,0.0717929068282,0.0234994953805,upper,suction
495,0.0719054981412,0.0231253441765,upper,suction
496,0.07201783102,0.022751115146,upper,suction
497,0.0721299130179,0.0223768104369,upper,suction
498,0.0722417516883,0.0220024321968,upper,suction
499,0.0723533545844,0.0216279825737,upper,suction
500,0.0724647292595,0.0212534637152,upper,suction
501,0.072575883267,0.0208788777693,upper,suction
502,0.0726868241601,0.0205042268836,upper,suction
503,0.0727975594922,0.0201295132061,upper,suction
504,0.0729080968165,0.0197547388845,upper,suction
505,0.0730184436864,0.0193799060666,upper,suction
506,0.0731286076552,0.0190050169001,upper,suction
507,0.0732385962762,0.018630073533,upper,suction
508,0.0733484161386,0.018255077858,upper,suction
509,0.07345805965,0.0178800280168,upper,suction
510,0.0735674964102,0.0175049161184,upper,suction
511,0.0736766862133,0.0171297316781,upper,suction
512,0.0737855886382,0.0167544641543,upper,suction
513,0.0738941632639,0.0163791030055,upper,suction
514,0.0740023696693,0.0160036376901,upper,suction
515,0.0741101674333,0.0156280576666,upper,suction
516,0.074217516135,0.0152523523933,upper,suction
517,0.0743243753531,0.0148765113287,upper,suction
518,0.0744307046668,0.0145005239312,upper,suction
519,0.0745364636548,0.0141243796592,upper,suction
520,0.0746416118962,0.0137480679713,upper,suction
521,0.0747461089699,0.0133715783257,upper,suction
522,0.0748499144549,0.0129949001809,upper,suction
523,0.07495298793,0.0126180229954,upper,suction
524,0.075055296424,0.0122409382156,upper,suction
525,0.0751568681402,0.0118636536128,upper,suction
526,0.075257808574,0.0114861975842,upper,suction
527,0.0753582468885,0.011108604843,upper,suction
528,0.0754583123478,0.0107309101292,upper,suction
529,0.0755581342157,0.0103531481829,upper,suction
530,0.0756578417562,0.00997535374404,upper,suction
531,0.0757575642332,0.00959756155265,upper,suction
532,0.0758574309106,0.00921980634877,upper,suction
533,0.0759575710524,0.00884212287243,upper,suction
534,0.0760581139224,0.00846454586364,upper,suction
535,0.0761591887847,0.00808711006243,upper,suction
536,0.076260924903,0.00770985020883,upper,suction
537,0.0763634515413,0.00733280104285,upper,suction
538,0.0764668979636,0.00695599730452,upper,suction
539,0.0765713934337,0.00657947373387,upper,suction
540,0.0766770145127,0.00620325109676,upper,suction
541,0.0767835737643,0.00582728016049,upper,suction
542,0.0768906195146,0.00545144162988,upper,suction
543,0.0769976471449,0.0050756021716,upper,suction
544,0.0771041520369,0.00469962845233,upper,suction
545,0.0772096295722,0.00432338713876,upper,suction
546,0.0773135751323,0.00394674489756,upper,suction
547,0.0774154840988,0.00356956839541,upper,suction
548,0.0775148518532,0.00319172429901,upper,suction
549,0.0776111737772,0.00281307927503,upper,suction
550,0.0777039452523,0.00243349999014,upper,suction
551,0.0777926616601,0.00205285311104,upper,suction
552,0.0778768183822,0.00167100530441,upper,suction
553,0.0779559108,0.00128782323692,lower,pressure
554,0.0780294342953,0.000903173575254,lower,pressure
555,0.0780968025977,0.000516922238127,lower,pressure
556,0.0781448146651,0.000128819668699,lower,pressure
557,0.0781310807666,-0.000259040616051,lower,pressure
558,0.0780267724207,-0.000633150813066,lower,pressure
559,0.0778395964898,-0.000973921498261,lower,pressure
560,0.0775813543349,-0.00126419181685,lower,pressure
561,0.0772635650665,-0.00148742064933,lower,pressure
562,0.0769030055005,-0.0016324692789,lower,pressure
563,0.076519227917,-0.00169407278161,lower,pressure
564,0.0761316287848,-0.00166769874951,lower,pressure
565,0.0757609278858,-0.00155235656796,lower,pressure
566,0.0754251501095,-0.00135591352478,lower,pressure
567,0.0751431748231,-0.00108915400512,lower,pressure
568,0.0749279048507,-0.000765753045659,lower,pressure
569,0.074755108618,-0.000413886007279,lower,pressure
570,0.0745940700987,-5.62638315687e-05,lower,pressure
571,0.0744391018809,0.000303357735316,lower,pressure
572,0.0742893597917,0.000664698158548,lower,pressure
573,0.0741439996586,0.0010274769033,lower,pressure
574,0.0740021773088,0.00139141343474,lower,pressure
575,0.0738630485697,0.00175622721805,lower,pressure
576,0.0737257692686,0.00212163771839,lower,pressure
577,0.0735894952327,0.00248736440094,lower,pressure
578,0.0734533822895,0.00285312673086,lower,pressure
579,0.0733165862662,0.00321864417334,lower,pressure
580,0.0731782791874,0.0035836415615,lower,pressure
581,0.0730379254327,0.00394794061789,lower,pressure
582,0.0728954968573,0.00431153124766,lower,pressure
583,0.0727512037751,0.00467448238369,lower,pressure
584,0.072605263641,0.00503686532545,lower,pressure
585,0.0724578939101,0.00539875137242,lower,pressure
586,0.0723093120374,0.00576021182406,lower,pressure
587,0.0721597354779,0.00612131797986,lower,pressure
588,0.0720093816865,0.00648214113928,lower,pressure
589,0.0718584681181,0.0068427526018,lower,pressure
590,0.0717072122279,0.00720322366689,lower,pressure
591,0.0715558314707,0.00756362563398,lower,pressure
592,0.0714045195256,0.00792402202493,lower,pressure
593,0.0712533564399,0.00828443918983,lower,pressure
594,0.0711023111798,0.00864486714153,lower,pressure
595,0.0709513314872,0.0090052889499,lower,pressure
596,0.070800365104,0.00936568768476,lower,pressure
597,0.0706493597719,0.00972604641597,lower,pressure
598,0.0704982632328,0.0100863482134,lower,pressure
599,0.0703470232286,0.0104465761468,lower,pressure
600,0.0701955875011,0.0108067132861,lower,pressure
601,0.0700439037922,0.0111667427012,lower,pressure
602,0.0698919198436,0.0115266474618,lower,pressure
603,0.0697395839091,0.0118864107905,lower,pressure
604,0.0695868579528,0.0122460200002,lower,pressure
605,0.0694337311839,0.0126054705315,lower,pressure
606,0.069280207538,0.0129647622188,lower,pressure
607,0.0691262916322,0.0133238950994,lower,pressure
608,0.0689719880835,0.0136828692109,lower,pressure
609,0.068817301509,0.0140416845907,lower,pressure
610,0.0686622365256,0.0144003412762,lower,pressure
611,0.0685067977503,0.014758839305,lower,pressure
612,0.0683509898002,0.0151171787144,lower,pressure
613,0.0681948172923,0.0154753595419,lower,pressure
614,0.0680382848436,0.0158333818249,lower,pressure
615,0.0678813968997,0.0161912456649,lower,pressure
616,0.0677241569052,0.0165489515361,lower,pressure
617,0.0675665672249,0.0169065003151,lower,pressure
618,0.067408629973,0.0172638929719,lower,pressure
619,0.0672503472634,0.0176211304766,lower,pressure
620,0.0670917212103,0.0179782137993,lower,pressure
621,0.0669327539277,0.01833514391,lower,pressure
622,0.0667734475297,0.0186919217787,lower,pressure
623,0.0666138041304,0.0190485483756,lower,pressure
624,0.0664538258438,0.0194050246705,lower,pressure
625,0.0662935147841,0.0197613516336,lower,pressure
626,0.0661328730348,0.0201175302185,lower,pressure
627,0.0659719014292,0.0204735607005,lower,pressure
628,0.0658105979738,0.0208294418225,lower,pressure
629,0.0656489589593,0.0211851713963,lower,pressure
630,0.0654869805663,0.0215407471747,lower,pressure
631,0.0653246589759,0.0218961669103,lower,pressure
632,0.0651619903689,0.0222514283557,lower,pressure
633,0.0649989709262,0.0226065292635,lower,pressure
634,0.0648355968288,0.0229614673865,lower,pressure
635,0.0646718642574,0.0233162404772,lower,pressure
636,0.064507769393,0.0236708462882,lower,pressure
637,0.0643433084164,0.0240252825723,lower,pressure
638,0.0641784775355,0.0243795470885,lower,pressure
639,0.0640132731518,0.0247336376442,lower,pressure
640,0.0638476918981,0.0250875521032,lower,pressure
641,0.0636817304715,0.0254412883455,lower,pressure
642,0.0635153855691,0.0257948442511,lower,pressure
643,0.0633486538881,0.0261482177,lower,pressure
644,0.0631815321258,0.0265014065722,lower,pressure
645,0.0630140169794,0.0268544087475,lower,pressure
646,0.0628461051459,0.027207222106,lower,pressure
647,0.0626777933227,0.0275598445277,lower,pressure
648,0.0625090782068,0.0279122738925,lower,pressure
649,0.0623399565189,0.0282645080918,lower,pressure
650,0.0621704265778,0.0286165458064,lower,pressure
651,0.0620004908297,0.0289683877549,lower,pressure
652,0.0618301545049,0.0293200360306,lower,pressure
653,0.0616594230667,0.0296714928418,lower,pressure
654,0.0614883019784,0.0300227603969,lower,pressure
655,0.0613167967033,0.030373840904,lower,pressure
656,0.0611449127044,0.0307247365715,lower,pressure
657,0.0609726554452,0.0310754496077,lower,pressure
658,0.0608000303889,0.031425982221,lower,pressure
659,0.0606270429986,0.0317763366196,lower,pressure
660,0.0604536987378,0.0321265150118,lower,pressure
661,0.0602800023734,0.0324765192514,lower,pressure
662,0.0601059524136,0.0328263480042,lower,pressure
663,0.0599315391367,0.0331759957444,lower,pressure
664,0.0597567501374,0.0335254555796,lower,pressure
665,0.0595815729939,0.0338747206085,lower,pressure
666,0.0594059952839,0.03422378393,lower,pressure
667,0.0592300045855,0.0345726386429,lower,pressure
668,0.0590535884768,0.0349212778463,lower,pressure
669,0.0588767345356,0.0352696946388,lower,pressure
670,0.0586994303399,0.0356178821193,lower,pressure
671,0.0585216634677,0.0359658333869,lower,pressure
672,0.0583434215159,0.0363135415496,lower,pressure
673,0.0581646947991,0.0366610010682,lower,pressure
674,0.0579854818072,0.0370082104715,lower,pressure
675,0.0578057871698,0.0373551713437,lower,pressure
676,0.0576256161803,0.0377018855991,lower,pressure
677,0.0574449741318,0.038048355152,lower,pressure
678,0.0572638663174,0.0383945819167,lower,pressure
679,0.0570822980304,0.0387405678075,lower,pressure
680,0.0569002745638,0.0390863147386,lower,pressure
681,0.0567178012109,0.0394318246245,lower,pressure
682,0.0565348832647,0.0397770993792,lower,pressure
683,0.0563515260186,0.0401221409173,lower,pressure
684,0.0561677345537,0.0404669510474,lower,pressure
685,0.0559835114852,0.0408115303508,lower,pressure
686,0.055798855813,0.0411558776086,lower,pressure
687,0.0556137651571,0.0414999909154,lower,pressure
688,0.0554282371183,0.041843868356,lower,pressure
689,0.055242269298,0.0421875080155,lower,pressure
690,0.0550558592971,0.0425309079788,lower,pressure
691,0.0548690047167,0.0428740663309,lower,pressure
692,0.054681703158,0.0432169811569,lower,pressure
693,0.0544939522219,0.0435596505417,lower,pressure
694,0.0543057495097,0.0439020725702,lower,pressure
695,0.0541170926199,0.044244245326,lower,pressure
696,0.0539279780488,0.0445861661978,lower,pressure
697,0.0537383983651,0.0449278300992,lower,pressure
698,0.053548342861,0.0452692298792,lower,pressure
699,0.0533578003808,0.0456103581043,lower,pressure
700,0.0531667597684,0.0459512073411,lower,pressure
701,0.0529752098681,0.0462917701561,lower,pressure
702,0.052783139524,0.0466320391157,lower,pressure
703,0.0525905375802,0.0469720067866,lower,pressure
704,0.0523973928807,0.0473116657352,lower,pressure
705,0.0522036942697,0.047651008528,lower,pressure
706,0.0520094305913,0.0479900277316,lower,pressure
707,0.0518145910582,0.048328716123,lower,pressure
708,0.0516191704625,0.0486670696666,lower,pressure
709,0.051423172668,0.0490050895087,lower,pressure
710,0.0512266054907,0.0493427790536,lower,pressure
711,0.0510294768374,0.0496801417575,lower,pressure
712,0.0508317946151,0.0500171810763,lower,pressure
713,0.0506335667307,0.0503539004662,lower,pressure
714,0.0504348010912,0.0506903033835,lower,pressure
715,0.0502355056036,0.0510263932841,lower,pressure
716,0.0500356881746,0.0513621736242,lower,pressure
717,0.0498353567114,0.05169764786,lower,pressure
718,0.0496345191203,0.0520328194473,lower,pressure
719,0.049433181928,0.0523676910284,lower,pressure
720,0.0492313457989,0.0527022617891,lower,pressure
721,0.0490290060066,0.0530365277365,lower,pressure
722,0.0488261569157,0.053370484342,lower,pressure
723,0.0486227928911,0.0537041270771,lower,pressure
724,0.0484189082975,0.0540374514131,lower,pressure
725,0.0482144974996,0.0543704528213,lower,pressure
726,0.0480095548622,0.0547031267732,lower,pressure
727,0.0478040747501,0.0550354687402,lower,pressure
728,0.0475980515281,0.0553674741935,lower,pressure
729,0.0473914795609,0.0556991386047,lower,pressure
730,0.0471843532475,0.0560304574607,lower,pressure
731,0.0469766677059,0.0563614265773,lower,pressure
732,0.0467684193678,0.0566920423709,lower,pressure
733,0.0465596053185,0.0570223015569,lower,pressure
734,0.0463502226667,0.0573522008612,lower,pressure
735,0.0461402685212,0.0576817370098,lower,pressure
736,0.0459297399906,0.0580109067288,lower,pressure
737,0.0457186341837,0.0583397067441,lower,pressure
738,0.0455069482092,0.0586681337818,lower,pressure
739,0.0452946791758,0.0589961845678,lower,pressure
740,0.0450818241923,0.0593238558281,lower,pressure
741,0.0448683803674,0.0596511442887,lower,pressure
742,0.0446543446299,0.0599780465181,lower,pressure
743,0.0444397129945,0.0603045582834,lower,pressure
744,0.0442244805532,0.0606306745434,lower,pressure
745,0.0440086422107,0.0609563900929,lower,pressure
746,0.0437921928717,0.0612816997261,lower,pressure
747,0.0435751274408,0.0616065982379,lower,pressure
748,0.0433574408226,0.0619310804226,lower,pressure
749,0.0431391279217,0.0622551410749,lower,pressure
750,0.0429201836429,0.0625787749893,lower,pressure
751,0.0427006028907,0.0629019769603,lower,pressure
752,0.0424803805698,0.0632247417825,lower,pressure
753,0.0422595116484,0.0635470642935,lower,pressure
754,0.0420379930543,0.0638689406606,lower,pressure
755,0.0418158257859,0.0641903698122,lower,pressure
756,0.041593013135,0.0645113522328,lower,pressure
757,0.0413695585129,0.0648318884879,lower,pressure
758,0.0411454653312,0.0651519791432,lower,pressure
759,0.040920737001,0.0654716247642,lower,pressure
760,0.040695376934,0.0657908259165,lower,pressure
761,0.0404693885413,0.0661095831657,lower,pressure
762,0.0402427752345,0.0664278970773,lower,pressure
763,0.0400155404248,0.066745768217,lower,pressure
764,0.0397876875237,0.0670631971502,lower,pressure
765,0.0395592192311,0.0673801839081,lower,pressure
766,0.0393301338492,0.0676967252189,lower,pressure
767,0.0391004248047,0.0680128141486,lower,pressure
768,0.0388700843338,0.0683284428691,lower,pressure
769,0.0386391046719,0.0686436035516,lower,pressure
770,0.0384074780547,0.0689582883676,lower,pressure
771,0.0381751967178,0.0692724894884,lower,pressure
772,0.0379422528966,0.0695861990855,lower,pressure
773,0.0377086388267,0.0698994093302,lower,pressure
774,0.0374743467437,0.0702121123939,lower,pressure
775,0.0372393688831,0.070524300448,lower,pressure
776,0.0370036975134,0.0708359656857,lower,pressure
777,0.0367673263958,0.0711471012896,lower,pressure
778,0.0365302527615,0.0714577027419,lower,pressure
779,0.0362924759972,0.0717677669538,lower,pressure
780,0.0360539956361,0.0720772909335,lower,pressure
781,0.0358148112115,0.0723862716889,lower,pressure
782,0.0355749222565,0.0726947062284,lower,pressure
783,0.0353343283042,0.0730025915599,lower,pressure
784,0.0350930288879,0.0733099246915,lower,pressure
785,0.0348510235408,0.0736167026315,lower,pressure
786,0.0346083117959,0.0739229223879,lower,pressure
787,0.0343648931866,0.0742285809688,lower,pressure
788,0.03412076712,0.0745336752613,lower,pressure
789,0.0338759320574,0.0748382012443,lower,pressure
790,0.0336303853127,0.0751421537943,lower,pressure
791,0.0333841238708,0.0754455274724,lower,pressure
792,0.0331371447159,0.0757483168385,lower,pressure
793,0.032889444832,0.0760505164529,lower,pressure
794,0.0326410212035,0.0763521208755,lower,pressure
795,0.0323918708143,0.0766531246666,lower,pressure
796,0.0321419906486,0.0769535223862,lower,pressure
797,0.0318913776907,0.0772533085943,lower,pressure
798,0.0316400289245,0.0775524778512,lower,pressure
799,0.0313879413455,0.0778510247258,lower,pressure
800,0.0311351127873,0.078148944461,lower,pressure
801,0.0308815432908,0.078446234073,lower,pressure
802,0.0306272344081,0.0787428917926,lower,pressure
803,0.0303721878222,0.0790389159555,lower,pressure
804,0.0301164052161,0.0793343048977,lower,pressure
805,0.029859888273,0.0796290569551,lower,pressure
806,0.0296026386758,0.0799231704635,lower,pressure
807,0.0293446581075,0.0802166437589,lower,pressure
808,0.0290859482513,0.080509475177,lower,pressure
809,0.0288265107901,0.0808016630539,lower,pressure
810,0.0285663474069,0.0810932057253,lower,pressure
811,0.0283054594872,0.0813841012308,lower,pressure
812,0.028043845629,0.0816743448357,lower,pressure
813,0.0277815007012,0.0819639280932,lower,pressure
814,0.0275184183239,0.0822528413138,lower,pressure
815,0.0272545921082,0.0825410747987,lower,pressure
816,0.0269900156651,0.0828286188492,lower,pressure
817,0.0267246826057,0.0831154637667,lower,pressure
818,0.0264585865409,0.0834015998523,lower,pressure
819,0.0261917210819,0.0836870174073,lower,pressure
