quantity,model_value,units,role,classification,primary_source,source_detail,qualification
operating_pressure,0,Pa,solver_reference,Fluent modeling setting,Released Fluent state,"Operating pressure is 0 Pa gauge, so the pressure-boundary values listed below are numerically equal to absolute pressure values.","Solver reference setting; not an experimental quantity."
inlet_total_pressure,403800,Pa,pressure_inlet,rounded NASA operating-point transcription,"Hylton et al., NASA-CR-168015 (1983), Table IX, report p. 30","Run 145 / code 4512 reports PTI = 58.57 psia = 403825.9 Pa. The released Fluent input is the rounded value 403800 Pa.","Directly tied to the NASA operating point; rounding difference is about 0.0064%."
inlet_total_temperature,792,K,pressure_inlet,direct NASA operating-point transcription,"Hylton et al., NASA-CR-168015 (1983), Table IX, report p. 30","Run 145 / code 4512 reports TTI = 792 K.","Direct NASA operating-point value."
experimental_inlet_mach,0.16,-,experimental_reference,direct NASA operating-point transcription,"Hylton et al., NASA-CR-168015 (1983), Table IX, report p. 30","Run 145 / code 4512 reports M1 = 0.16.","Reference value only; the Fluent pressure inlet imposes total pressure and total temperature rather than inlet Mach directly."
inlet_turbulence_intensity,6.5,percent,pressure_inlet,direct NASA operating-point transcription,"Hylton et al., NASA-CR-168015 (1983), Table IX, report p. 30","Run 145 / code 4512 reports average inlet turbulence intensity Tu = 6.5%.","Used as the scalar Fluent inlet turbulence intensity; it is not a measured leading-edge value or a spatial turbulence profile."
inlet_turbulent_viscosity_ratio,10,-,pressure_inlet,Fluent modeling choice,"Released Fluent state; Ansys Fluent boundary-condition formulation","The saved SST/Transition SST setup uses intensity and turbulent-viscosity-ratio specification with mu_t/mu = 10. Fluent documents 10 as the default viscosity ratio for this specification method.","Not a NASA measurement; explicitly treated as a model input and tested in the Transition SST sensitivity study."
outlet_static_pressure,236200,Pa,pressure_outlet,archived Fluent boundary input,Released Fluent state,"NASA Table IX reports M2 = 0.90 and NASA states that exit Mach is based on measured inlet total pressure and average measured exit-plane static pressure, but the Run 145 table does not tabulate that exit static pressure numerically.","236200 Pa is therefore documented as the released Fluent pressure-outlet setting, not as a direct NASA transcription and not as a newly inferred value."
experimental_exit_mach,0.90,-,experimental_reference,direct NASA operating-point transcription,"Hylton et al., NASA-CR-168015 (1983), Table IX, report p. 30","Run 145 / code 4512 reports M2 = 0.90.","Experimental comparison target; not independently imposed together with the pressure-outlet value."
fine_sst_exit_mach,0.901294,-,computed_result,CFD result,Released fine-grid SST state,"Area-weighted outlet Mach from the accepted fine-grid SST solution.","Computed result; not a boundary condition or experimental input."
