cellnumber,    x-coordinate,    y-coordinate,        pressure,     temperature,          y-plus,       heat-flux,face-area-magnitude
         1, 5.912810937E-02, 6.253098696E-02, 2.330469082E+05, 6.471341216E+02, 3.536905412E-01,-1.610617736E+05, 6.861772508E-04
         2, 5.934893340E-02, 6.188131124E-02, 2.328023526E+05, 6.475248007E+02, 3.532061648E-01,-1.593805263E+05, 6.861771694E-04
         3, 5.956946686E-02, 6.123153865E-02, 2.325259526E+05, 6.479089050E+02, 3.531214741E-01,-1.580562040E+05, 6.861770899E-04
         4, 5.978970975E-02, 6.058166921E-02, 2.322495709E+05, 6.482339802E+02, 3.531220631E-01,-1.571752022E+05, 6.861770131E-04
         5, 6.000965834E-02, 5.993169919E-02, 2.319862077E+05, 6.484568420E+02, 3.529987243E-01,-1.565693306E+05, 6.861769396E-04
         6, 6.022932008E-02, 5.928162858E-02, 2.317262524E+05, 6.485397118E+02, 3.529337332E-01,-1.563707582E+05, 6.861768760E-04
         7, 6.044868752E-02, 5.863146484E-02, 2.314608366E+05, 6.484488102E+02, 3.530035184E-01,-1.566598267E+05, 6.861768587E-04
         8, 6.066777930E-02, 5.798120424E-02, 2.311795162E+05, 6.481514340E+02, 3.532034278E-01,-1.574966880E+05, 6.861768926E-04
         9, 6.088659912E-02, 5.733085424E-02, 2.308893975E+05, 6.476231432E+02, 3.534063820E-01,-1.588868100E+05, 6.861769642E-04
        10, 6.110515818E-02, 5.668041483E-02, 2.306053800E+05, 6.468598370E+02, 3.535741242E-01,-1.608003679E+05, 6.861770607E-04
        11, 6.132346764E-02, 5.602989346E-02, 2.303337622E+05, 6.458781579E+02, 3.537853029E-01,-1.631735467E+05, 6.861771694E-04
        12, 6.154154241E-02, 5.537929013E-02, 2.300670977E+05, 6.447172352E+02, 3.541407699E-01,-1.658915753E+05, 6.861772783E-04
        13, 6.175938249E-02, 5.472861230E-02, 2.297932549E+05, 6.434345627E+02, 3.546230024E-01,-1.687330808E+05, 6.861773761E-04
        14, 6.197700649E-02, 5.407785624E-02, 2.295042584E+05, 6.421110309E+02, 3.551443174E-01,-1.714445885E+05, 6.861774516E-04
        15, 6.219441816E-02, 5.342703313E-02, 2.292043344E+05, 6.408277390E+02, 3.556558137E-01,-1.738380072E+05, 6.861774919E-04
        16, 6.241162121E-02, 5.277613923E-02, 2.288938747E+05, 6.397139840E+02, 3.561499670E-01,-1.755500138E+05, 6.861774773E-04
        17, 6.262860447E-02, 5.212517083E-02, 2.285709858E+05, 6.389299025E+02, 3.564976330E-01,-1.761260803E+05, 6.861774116E-04
        18, 6.284534931E-02, 5.147412792E-02, 2.282453912E+05, 6.385559383E+02, 3.565802714E-01,-1.754971580E+05, 6.861773089E-04
        19, 6.306185573E-02, 5.082300305E-02, 2.279318159E+05, 6.386378375E+02, 3.563883087E-01,-1.736495724E+05, 6.861771838E-04
        20, 6.327810884E-02, 5.017179251E-02, 2.276285871E+05, 6.392657271E+02, 3.560065991E-01,-1.704065018E+05, 6.861770519E-04
        21, 6.349407881E-02, 4.952048883E-02, 2.273228056E+05, 6.404262903E+02, 3.555597500E-01,-1.659990379E+05, 6.861769295E-04
        22, 6.370978057E-02, 4.886909574E-02, 2.269966615E+05, 6.420402941E+02, 3.550571040E-01,-1.607316682E+05, 6.861768337E-04
        23, 6.392517686E-02, 4.821760207E-02, 2.266445900E+05, 6.439647897E+02, 3.544578713E-01,-1.550616699E+05, 6.861767824E-04
        24, 6.414026767E-02, 4.756600782E-02, 2.262714568E+05, 6.460635224E+02, 3.537820950E-01,-1.493451974E+05, 6.861767905E-04
        25, 6.435503811E-02, 4.691431299E-02, 2.258798628E+05, 6.482641876E+02, 3.530534979E-01,-1.437062773E+05, 6.861768433E-04
        26, 6.456950307E-02, 4.626251012E-02, 2.254766342E+05, 6.504209642E+02, 3.522724172E-01,-1.385645088E+05, 6.861769286E-04
        27, 6.478364766E-02, 4.561060295E-02, 2.250771808E+05, 6.524325758E+02, 3.514088460E-01,-1.340934916E+05, 6.861770442E-04
        28, 6.499747187E-02, 4.495859519E-02, 2.246986325E+05, 6.542466175E+02, 3.504476229E-01,-1.303266211E+05, 6.861771882E-04
        29, 6.521099061E-02, 4.430648312E-02, 2.243521501E+05, 6.558229480E+02, 3.494950326E-01,-1.273378878E+05, 6.861773583E-04
        30, 6.542420387E-02, 4.365427047E-02, 2.240277254E+05, 6.571105838E+02, 3.487527208E-01,-1.252048309E+05, 6.861775526E-04
        31, 6.563710421E-02, 4.300195724E-02, 2.236940980E+05, 6.581072719E+02, 3.483092051E-01,-1.238346470E+05, 6.861777690E-04
        32, 6.584969163E-02, 4.234954342E-02, 2.233383504E+05, 6.587557936E+02, 3.480519857E-01,-1.233517503E+05, 6.861780055E-04
        33, 6.606198102E-02, 4.169702902E-02, 2.229635424E+05, 6.590362819E+02, 3.479438205E-01,-1.237362860E+05, 6.861782419E-04
        34, 6.627395004E-02, 4.104441032E-02, 2.225674689E+05, 6.589554191E+02, 3.480112385E-01,-1.249076424E+05, 6.861783536E-04
        35, 6.648559123E-02, 4.039168730E-02, 2.221467468E+05, 6.585323112E+02, 3.482227500E-01,-1.267647169E+05, 6.861783066E-04
        36, 6.669688970E-02, 3.973885253E-02, 2.217070664E+05, 6.578173734E+02, 3.484964310E-01,-1.291157098E+05, 6.861781288E-04
        37, 6.690782309E-02, 3.908589855E-02, 2.212605300E+05, 6.568831614E+02, 3.487292265E-01,-1.317348115E+05, 6.861778492E-04
        38, 6.711837649E-02, 3.843282536E-02, 2.208264234E+05, 6.558526807E+02, 3.488623500E-01,-1.342585942E+05, 6.861774987E-04
        39, 6.732853502E-02, 3.777962178E-02, 2.204126969E+05, 6.548932592E+02, 3.489067985E-01,-1.362380733E+05, 6.861771095E-04
        40, 6.753827631E-02, 3.712628782E-02, 2.200192741E+05, 6.542135843E+02, 3.488600872E-01,-1.371167691E+05, 6.861767149E-04
        41, 6.774758548E-02, 3.647281229E-02, 2.196420185E+05, 6.540385079E+02, 3.485529866E-01,-1.363528537E+05, 6.861763501E-04
        42, 6.795645505E-02, 3.581919894E-02, 2.192955134E+05, 6.545636381E+02, 3.479932245E-01,-1.335934799E+05, 6.861760633E-04
        43, 6.816485524E-02, 3.516543657E-02, 2.189534705E+05, 6.558497082E+02, 3.472616866E-01,-1.289445187E+05, 6.861759669E-04
        44, 6.837280840E-02, 3.451152891E-02, 2.185957585E+05, 6.578112771E+02, 3.466474586E-01,-1.229616206E+05, 6.861760984E-04
        45, 6.858029962E-02, 3.385747597E-02, 2.181599269E+05, 6.602615617E+02, 3.464213224E-01,-1.162263262E+05, 6.861764519E-04
        46, 6.878734380E-02, 3.320328146E-02, 2.176282986E+05, 6.629801036E+02, 3.456720745E-01,-1.092206419E+05, 6.861770211E-04
        47, 6.899394095E-02, 3.254894167E-02, 2.171520301E+05, 6.657789257E+02, 3.439305302E-01,-1.025324637E+05, 6.861777999E-04
        48, 6.920009106E-02, 3.189446405E-02, 2.167788959E+05, 6.685132254E+02, 3.422564593E-01,-9.660284793E+04, 6.861787823E-04
        49, 6.940578669E-02, 3.123984300E-02, 2.164134404E+05, 6.710774146E+02, 3.412441034E-01,-9.152549463E+04, 6.861799623E-04
        50, 6.961105764E-02, 3.058508411E-02, 2.159988195E+05, 6.733974588E+02, 3.405328743E-01,-8.726352947E+04, 6.861813337E-04
        51, 6.981588155E-02, 2.993018553E-02, 2.155554555E+05, 6.754268537E+02, 3.398018655E-01,-8.383098966E+04, 6.861827896E-04
        52, 7.002024353E-02, 2.927514166E-02, 2.151140583E+05, 6.771328398E+02, 3.389162821E-01,-8.126473056E+04, 6.861835914E-04
        53, 7.022411376E-02, 2.861994319E-02, 2.147108386E+05, 6.784956740E+02, 3.379711331E-01,-7.957203147E+04, 6.861834869E-04
        54, 7.042744011E-02, 2.796457708E-02, 2.143360737E+05, 6.795063695E+02, 3.371198669E-01,-7.871987889E+04, 6.861825928E-04
        55, 7.063017040E-02, 2.730902657E-02, 2.139733762E+05, 6.801628111E+02, 3.366742827E-01,-7.870930064E+04, 6.861810380E-04
        56, 7.083225995E-02, 2.665328048E-02, 2.135603766E+05, 6.804629865E+02, 3.369732458E-01,-7.946434858E+04, 6.861789625E-04
        57, 7.103366405E-02, 2.599732578E-02, 2.130454977E+05, 6.803837626E+02, 3.373388163E-01,-8.093957429E+04, 6.861765169E-04
        58, 7.123433053E-02, 2.534114756E-02, 2.125437067E+05, 6.799198595E+02, 3.369656759E-01,-8.313626720E+04, 6.861738625E-04
        59, 7.143421471E-02, 2.468473464E-02, 2.121372934E+05, 6.791011045E+02, 3.364270876E-01,-8.607747249E+04, 6.861711715E-04
        60, 7.163327187E-02, 2.402807213E-02, 2.117949233E+05, 6.779894720E+02, 3.362684149E-01,-8.950483318E+04, 6.861687597E-04
        61, 7.183148712E-02, 2.337115631E-02, 2.114673308E+05, 6.767074799E+02, 3.359597834E-01,-9.289206843E+04, 6.861677175E-04
        62, 7.202888280E-02, 2.271399647E-02, 2.112226445E+05, 6.754867384E+02, 3.353244970E-01,-9.572314945E+04, 6.861683762E-04
        63, 7.222551852E-02, 2.205660380E-02, 2.110718402E+05, 6.746714908E+02, 3.346240258E-01,-9.691574536E+04, 6.861705843E-04
        64, 7.241254300E-02, 2.142889239E-02, 2.109557548E+05, 6.746090813E+02, 3.337768380E-01,-9.595287279E+04, 6.237945452E-04
        65, 7.259891182E-02, 2.080097795E-02, 2.109175256E+05, 6.754353474E+02, 3.322396306E-01,-9.194337351E+04, 6.861785812E-04
        66, 7.279352844E-02, 2.014297433E-02, 2.107542360E+05, 6.772236702E+02, 3.305761576E-01,-8.593131306E+04, 6.861844960E-04
        67, 7.298753411E-02, 1.948478445E-02, 2.107323984E+05, 6.796203150E+02, 3.275575447E-01,-7.892385121E+04, 6.861914350E-04
        68, 7.318097353E-02, 1.882641762E-02, 2.106690513E+05, 6.823227999E+02, 3.235137713E-01,-7.134438075E+04, 6.861992832E-04
        69, 7.337386906E-02, 1.816788502E-02, 2.105963480E+05, 6.851396933E+02, 3.247093249E-01,-6.587312566E+04, 6.862075308E-04
        70, 7.356618345E-02, 1.750917546E-02, 2.105822688E+05, 6.878485630E+02, 3.235863933E-01,-6.135411772E+04, 6.862121263E-04
        71, 7.375773787E-02, 1.685024053E-02, 2.104883566E+05, 6.903241512E+02, 3.223137010E-01,-5.683940424E+04, 6.862112504E-04
        72, 7.394830883E-02, 1.619102620E-02, 2.104433297E+05, 6.925355779E+02, 3.230017439E-01,-5.307699886E+04, 6.862057676E-04
        73, 7.413768023E-02, 1.553147379E-02, 2.105294808E+05, 6.944860609E+02, 3.204117043E-01,-5.098403683E+04, 6.861967968E-04
        74, 7.432564348E-02, 1.487152744E-02, 2.106348342E+05, 6.961123354E+02, 3.200541231E-01,-4.861624508E+04, 6.861856806E-04
        75, 7.451196015E-02, 1.421112847E-02, 2.109464596E+05, 6.974473821E+02, 3.167917284E-01,-4.748679737E+04, 6.861739856E-04
        76, 7.469642907E-02, 1.355022099E-02, 2.114452886E+05, 6.984821293E+02, 3.148852340E-01,-4.745567983E+04, 6.861635022E-04
        77, 7.487881929E-02, 1.288874727E-02, 2.122340954E+05, 6.991939759E+02, 3.126593799E-01,-4.833873131E+04, 6.861562446E-04
        78, 7.505894452E-02, 1.222665794E-02, 2.132048039E+05, 6.995278545E+02, 3.082655780E-01,-4.872379327E+04, 6.861546137E-04
        79, 7.523690909E-02, 1.156398188E-02, 2.145604824E+05, 6.995218514E+02, 3.034498067E-01,-5.098700046E+04, 6.861602687E-04
        80, 7.541324198E-02, 1.090086158E-02, 2.161487687E+05, 6.991042452E+02, 2.994358335E-01,-5.373353799E+04, 6.861690457E-04
        81, 7.558864355E-02, 1.023748610E-02, 2.177328443E+05, 6.982407039E+02, 2.965641259E-01,-5.749110657E+04, 6.861767508E-04
        82, 7.576381415E-02, 9.574043564E-03, 2.192120734E+05, 6.968851961E+02, 2.955259004E-01,-6.185528062E+04, 6.861814739E-04
        83, 7.593946159E-02, 8.910721168E-03, 2.204597777E+05, 6.950543460E+02, 2.963475305E-01,-6.774000851E+04, 6.861836030E-04
        84, 7.611627132E-02, 8.247707970E-03, 2.213485650E+05, 6.927653503E+02, 2.974520735E-01,-7.369500096E+04, 6.861858232E-04
        85, 7.628672570E-02, 7.615278475E-03, 2.219867222E+05, 6.903480772E+02, 3.011878306E-01,-7.938475391E+04, 6.238114264E-04
        86, 7.645124197E-02, 7.013545372E-03, 2.220833025E+05, 6.882662843E+02, 3.049421704E-01,-8.395279378E+04, 6.238263636E-04
        87, 7.660987228E-02, 6.442523096E-03, 2.216029135E+05, 6.871622533E+02, 3.106141339E-01,-8.472617997E+04, 5.614688570E-04
        88, 7.675382495E-02, 5.932150409E-03, 2.206973025E+05, 6.874021008E+02, 3.175310363E-01,-8.192024775E+04, 4.991052500E-04
        89, 7.689896971E-02, 5.422099959E-03, 2.191001839E+05, 6.888381438E+02, 3.251078710E-01,-7.538411509E+04, 5.614967643E-04
        90, 7.705248147E-02, 4.882006906E-03, 2.171401606E+05, 6.912136754E+02, 3.329437447E-01,-6.675809573E+04, 5.614724196E-04
        91, 7.721263915E-02, 4.311421420E-03, 2.148665138E+05, 6.940784378E+02, 3.327792140E-01,-5.825134125E+04, 6.238039006E-04
        92, 7.737739384E-02, 3.709802870E-03, 2.129537400E+05, 6.971078905E+02, 3.329336767E-01,-4.976836923E+04, 6.237482328E-04
        93, 7.754368335E-02, 3.076341935E-03, 2.111067197E+05, 7.001524613E+02, 3.238476894E-01,-4.319100451E+04, 6.861231995E-04
        94, 7.770837098E-02, 2.410212299E-03, 2.109121233E+05, 7.031161099E+02, 3.149932678E-01,-3.755267617E+04, 6.862969722E-04
        95, 7.786045969E-02, 1.740765525E-03, 2.127845240E+05, 7.058204718E+02, 2.918297789E-01,-3.352698676E+04, 6.867898312E-04
        96, 7.799175382E-02, 1.098092529E-03, 2.163944032E+05, 7.081824927E+02, 2.484350193E-01,-2.923040958E+04, 6.251992580E-04
        97, 7.809597254E-02, 5.129508208E-04, 2.217041310E+05, 7.101892834E+02, 1.979118734E-01,-2.720953932E+04, 5.636077734E-04
        98, 7.814222574E-02,-1.389153476E-05, 2.269762542E+05, 7.116414411E+02, 9.760769718E-02,-2.367530014E+04, 4.974634741E-04
        99, 7.806726545E-02,-5.005068379E-04, 2.365430641E+05, 7.128483802E+02, 1.482865678E-01,-2.445653653E+04, 4.993103481E-04
       100, 7.783003151E-02,-9.676124901E-04, 2.354562785E+05, 7.144967013E+02, 1.207044875E-01,-5.356496448E+04, 5.607764491E-04
       101, 7.744152844E-02,-1.361130388E-03, 2.362390313E+05, 7.159453099E+02, 2.151373760E-01,-8.220588743E+04, 5.604791830E-04
       102, 7.694650441E-02,-1.607734826E-03, 2.419421414E+05, 7.167812878E+02, 2.356710299E-02,-1.082670207E+05, 5.607029165E-04
       103, 7.639826834E-02,-1.683458220E-03, 2.367704406E+05, 7.160859197E+02, 2.227556343E-01,-8.844867049E+04, 5.606235485E-04
       104, 7.585591078E-02,-1.578165102E-03, 2.354962269E+05, 7.148046129E+02, 1.905542890E-01,-7.606169326E+04, 5.601958537E-04
       105, 7.539666444E-02,-1.325660385E-03, 2.280946804E+05, 7.125191592E+02, 3.426980920E-01,-2.708551715E+04, 5.000349846E-04
       106, 7.505942136E-02,-9.666829137E-04, 1.984792319E+05, 7.106894271E+02, 2.487422821E-01,-7.561333566E+03, 4.969227862E-04
       107, 7.481243461E-02,-5.346140242E-04, 1.997507460E+05, 7.089042696E+02, 3.544557903E-01,-1.796647019E+03, 5.015944041E-04
       108, 7.459224761E-02,-5.002031321E-05, 2.045850699E+05, 7.069948970E+02, 4.118686080E-01,-5.442866496E+03, 5.630391023E-04
       109, 7.435956597E-02, 4.961803788E-04, 2.126875398E+05, 7.049050201E+02, 4.349253038E-01,-1.306779008E+04, 6.244234423E-04
       110, 7.411487401E-02, 1.103975694E-03, 2.224073857E+05, 7.024635200E+02, 4.407348584E-01,-2.109701457E+04, 6.860330027E-04
       111, 7.386825979E-02, 1.743893255E-03, 2.333407307E+05, 6.996959084E+02, 4.423421465E-01,-3.079157305E+04, 6.855815033E-04
       112, 7.362744212E-02, 2.385680797E-03, 2.429950319E+05, 6.966337769E+02, 4.337416679E-01,-4.152915189E+04, 6.853889481E-04
       113, 7.339883596E-02, 2.998668468E-03, 2.506458160E+05, 6.934123435E+02, 4.241730203E-01,-5.243426858E+04, 6.230666416E-04
       114, 7.317859679E-02, 3.581580007E-03, 2.559079476E+05, 6.902257630E+02, 4.110820152E-01,-6.371883631E+04, 6.232028101E-04
       115, 7.296507061E-02, 4.133876879E-03, 2.593209309E+05, 6.876137366E+02, 4.012189619E-01,-7.475047217E+04, 5.610784191E-04
       116, 7.275849581E-02, 4.655636381E-03, 2.613317216E+05, 6.861337316E+02, 3.921397211E-01,-8.221664799E+04, 5.612613716E-04
       117, 7.256031036E-02, 5.147347692E-03, 2.626686550E+05, 6.859832128E+02, 3.916210615E-01,-8.573760209E+04, 4.990370793E-04
       118, 7.237140089E-02, 5.609303247E-03, 2.634323349E+05, 6.870685605E+02, 3.899464518E-01,-8.455919668E+04, 4.991444098E-04
       119, 7.216870785E-02, 6.099432241E-03, 2.641319949E+05, 6.889745294E+02, 3.892674770E-01,-7.871801737E+04, 5.616308602E-04
       120, 7.194051147E-02, 6.646617781E-03, 2.648344408E+05, 6.913288447E+02, 3.904984663E-01,-7.266814775E+04, 6.240953054E-04
       121, 7.169922441E-02, 7.222180720E-03, 2.656152720E+05, 6.935711622E+02, 3.925236298E-01,-6.594016048E+04, 6.240907404E-04
       122, 7.144556195E-02, 7.826340385E-03, 2.668136648E+05, 6.954917336E+02, 3.954217824E-01,-5.872876173E+04, 6.864109666E-04
       123, 7.118009776E-02, 8.459278382E-03, 2.683546414E+05, 6.970453607E+02, 3.975615242E-01,-5.381833807E+04, 6.862964827E-04
       124, 7.091491669E-02, 9.092222899E-03, 2.701220145E+05, 6.980618511E+02, 3.975691887E-01,-4.871200920E+04, 6.862059969E-04
       125, 7.064973563E-02, 9.725083597E-03, 2.721376442E+05, 6.986542013E+02, 3.990683178E-01,-4.654225745E+04, 6.861403173E-04
       126, 7.038427144E-02, 1.035776827E-02, 2.741364536E+05, 6.987697382E+02, 3.976080724E-01,-4.360644141E+04, 6.860996756E-04
       127, 7.011824101E-02, 1.099018566E-02, 2.762434806E+05, 6.985079757E+02, 3.967091014E-01,-4.224090844E+04, 6.860846877E-04
       128, 6.985137612E-02, 1.162224542E-02, 2.782316650E+05, 6.978775561E+02, 3.958689423E-01,-4.151339835E+04, 6.860963518E-04
       129, 6.958340108E-02, 1.225386281E-02, 2.802251974E+05, 6.969055604E+02, 3.943119715E-01,-4.178111818E+04, 6.861287376E-04
       130, 6.931421161E-02, 1.288499683E-02, 2.821055551E+05, 6.955888838E+02, 3.949809170E-01,-4.243809298E+04, 6.861588744E-04
       131, 6.904380769E-02, 1.351564098E-02, 2.840258613E+05, 6.939680135E+02, 3.940741475E-01,-4.503600991E+04, 6.861818583E-04
       132, 6.877221912E-02, 1.414579619E-02, 2.858436612E+05, 6.919597765E+02, 3.939585500E-01,-4.653536430E+04, 6.861975581E-04
       133, 6.849946827E-02, 1.477546059E-02, 2.876901636E+05, 6.896609598E+02, 3.911867030E-01,-5.041788651E+04, 6.862058454E-04
       134, 6.822557002E-02, 1.540463697E-02, 2.895410487E+05, 6.870258530E+02, 3.912900298E-01,-5.488720567E+04, 6.862065944E-04
       135, 6.795056909E-02, 1.603332534E-02, 2.912926538E+05, 6.840600021E+02, 3.924842697E-01,-6.002679271E+04, 6.861998882E-04
       136, 6.767448038E-02, 1.666152291E-02, 2.931613093E+05, 6.808684208E+02, 3.913347670E-01,-6.707785110E+04, 6.861904241E-04
       137, 6.739730388E-02, 1.728923991E-02, 2.950016152E+05, 6.776149285E+02, 3.954314327E-01,-7.648804672E+04, 6.861829680E-04
       138, 6.711906940E-02, 1.791647822E-02, 2.967508262E+05, 6.745475716E+02, 3.977133702E-01,-8.570014133E+04, 6.861776685E-04
       139, 6.683977693E-02, 1.854324341E-02, 2.987113178E+05, 6.721604600E+02, 3.991223885E-01,-9.462547729E+04, 6.861744616E-04
       140, 6.657223403E-02, 1.914109290E-02, 3.004331157E+05, 6.709541285E+02, 3.988077356E-01,-1.002537234E+05, 6.237939033E-04
       141, 6.631653011E-02, 1.971007138E-02, 3.020504061E+05, 6.709663269E+02, 3.971580025E-01,-1.013091243E+05, 6.237944105E-04
       142, 6.604711711E-02, 2.030708082E-02, 3.037910282E+05, 6.720001743E+02, 3.957477878E-01,-9.924454644E+04, 6.861759583E-04
       143, 6.576389819E-02, 2.093208022E-02, 3.056584828E+05, 6.736053796E+02, 3.945208501E-01,-9.494980665E+04, 6.861782452E-04
       144, 6.547963619E-02, 2.155661024E-02, 3.074973855E+05, 6.752951026E+02, 3.923581777E-01,-8.941183674E+04, 6.861799024E-04
       145, 6.519431621E-02, 2.218065970E-02, 3.093602530E+05, 6.767436651E+02, 3.903855143E-01,-8.397562113E+04, 6.861810427E-04
       146, 6.490791589E-02, 2.280421369E-02, 3.111949650E+05, 6.777828525E+02, 3.883703545E-01,-7.930803875E+04, 6.861817887E-04
       147, 6.462042034E-02, 2.342726290E-02, 3.130113291E+05, 6.783717623E+02, 3.865632813E-01,-7.553374383E+04, 6.861822655E-04
       148, 6.433179975E-02, 2.404979244E-02, 3.148077744E+05, 6.784974616E+02, 3.849654452E-01,-7.276231995E+04, 6.861826003E-04
       149, 6.404203922E-02, 2.467179485E-02, 3.166030338E+05, 6.781685723E+02, 3.834989247E-01,-7.099029176E+04, 6.861827756E-04
       150, 6.375112385E-02, 2.529325336E-02, 3.183844771E+05, 6.773967868E+02, 3.820402479E-01,-7.020493739E+04, 6.861825592E-04
       151, 6.345901638E-02, 2.591415867E-02, 3.201495474E+05, 6.762024130E+02, 3.806984242E-01,-7.038005752E+04, 6.861820177E-04
       152, 6.316572428E-02, 2.653449774E-02, 3.219028466E+05, 6.746065945E+02, 3.794852631E-01,-7.150116741E+04, 6.861812722E-04
       153, 6.287121028E-02, 2.715426311E-02, 3.236484058E+05, 6.726316785E+02, 3.783120451E-01,-7.350812144E+04, 6.861804454E-04
       154, 6.257547438E-02, 2.777343988E-02, 3.253805176E+05, 6.702706344E+02, 3.770200785E-01,-7.646763653E+04, 6.861796622E-04
       155, 6.227847934E-02, 2.839201503E-02, 3.270685283E+05, 6.675327155E+02, 3.757948119E-01,-8.044722133E+04, 6.861790689E-04
       156, 6.198023632E-02, 2.900999039E-02, 3.287294879E+05, 6.644500224E+02, 3.748493743E-01,-8.552375350E+04, 6.861790100E-04
       157, 6.168076023E-02, 2.962736785E-02, 3.303712947E+05, 6.610874587E+02, 3.739942657E-01,-9.167831878E+04, 6.861795600E-04
       158, 6.138007715E-02, 3.024416044E-02, 3.319986670E+05, 6.575561433E+02, 3.730755492E-01,-9.879002246E+04, 6.861805359E-04
       159, 6.107822433E-02, 3.086038120E-02, 3.336003431E+05, 6.540386748E+02, 3.721000523E-01,-1.065880026E+05, 6.861817537E-04
       160, 6.077522412E-02, 3.147604316E-02, 3.351871996E+05, 6.508067121E+02, 3.710452888E-01,-1.145170518E+05, 6.861830337E-04
       161, 6.047111005E-02, 3.209115192E-02, 3.367600708E+05, 6.482074445E+02, 3.697280030E-01,-1.215845981E+05, 6.861842007E-04
       162, 6.016590074E-02, 3.270572424E-02, 3.383266613E+05, 6.465321767E+02, 3.679638133E-01,-1.267049309E+05, 6.861849005E-04
       163, 5.985957757E-02, 3.331973776E-02, 3.398833351E+05, 6.459153110E+02, 3.656300425E-01,-1.290822213E+05, 6.861845302E-04
       164, 5.955208093E-02, 3.393316641E-02, 3.414256261E+05, 6.462549601E+02, 3.628142534E-01,-1.286313986E+05, 6.861833364E-04
       165, 5.924334005E-02, 3.454596549E-02, 3.429413246E+05, 6.472589718E+02, 3.596320074E-01,-1.258874638E+05, 6.861817737E-04
       166, 5.893329158E-02, 3.515810519E-02, 3.444242666E+05, 6.485719078E+02, 3.563133039E-01,-1.217419293E+05, 6.861803225E-04
       167, 5.862186477E-02, 3.576954454E-02, 3.458770166E+05, 6.498883288E+02, 3.529503666E-01,-1.170241486E+05, 6.861794892E-04
       168, 5.830899626E-02, 3.638024628E-02, 3.472926845E+05, 6.509678418E+02, 3.496067467E-01,-1.124633316E+05, 6.861797838E-04
       169, 5.799464509E-02, 3.699018061E-02, 3.486651584E+05, 6.516850391E+02, 3.465720605E-01,-1.084863976E+05, 6.861810046E-04
       170, 5.767880380E-02, 3.759935498E-02, 3.500185737E+05, 6.519688872E+02, 3.438670193E-01,-1.053330963E+05, 6.861823838E-04
       171, 5.736150593E-02, 3.820776939E-02, 3.513622768E+05, 6.517894885E+02, 3.409898737E-01,-1.030523338E+05, 6.861836658E-04
       172, 5.704278126E-02, 3.881543875E-02, 3.526559093E+05, 6.511386048E+02, 3.379725625E-01,-1.016785594E+05, 6.861846356E-04
       173, 5.672265217E-02, 3.942237049E-02, 3.538901643E+05, 6.500345263E+02, 3.355204856E-01,-1.012870520E+05, 6.861850823E-04
       174, 5.640115589E-02, 4.002857953E-02, 3.551140411E+05, 6.485079885E+02, 3.334549172E-01,-1.018818365E+05, 6.861847991E-04
       175, 5.607831106E-02, 4.063406959E-02, 3.563165352E+05, 6.465886330E+02, 3.313442837E-01,-1.033228001E+05, 6.861837394E-04
       176, 5.575413257E-02, 4.123884812E-02, 3.575021498E+05, 6.442847514E+02, 3.293496704E-01,-1.056730896E+05, 6.861826903E-04
       177, 5.542860925E-02, 4.184290022E-02, 3.586727484E+05, 6.416446122E+02, 3.273872588E-01,-1.089301737E+05, 6.861820472E-04
       178, 5.510173365E-02, 4.244622216E-02, 3.598225919E+05, 6.387341790E+02, 3.254277340E-01,-1.130028144E+05, 6.861819201E-04
       179, 5.477348715E-02, 4.304879904E-02, 3.609515362E+05, 6.356358519E+02, 3.234807674E-01,-1.178134070E+05, 6.861824201E-04
       180, 5.444385484E-02, 4.365062341E-02, 3.620570674E+05, 6.324677939E+02, 3.214966527E-01,-1.232140346E+05, 6.861836591E-04
       181, 5.411283299E-02, 4.425168037E-02, 3.631372934E+05, 6.294028767E+02, 3.194120463E-01,-1.288983893E+05, 6.861857339E-04
       182, 5.378039181E-02, 4.485195875E-02, 3.641874612E+05, 6.266655768E+02, 3.172580189E-01,-1.343161474E+05, 6.861876538E-04
       183, 5.344648659E-02, 4.545142502E-02, 3.652193747E+05, 6.244198409E+02, 3.151021045E-01,-1.390737694E+05, 6.861879501E-04
       184, 5.311106145E-02, 4.605004564E-02, 3.662471295E+05, 6.227693010E+02, 3.125771345E-01,-1.429499229E+05, 6.861869876E-04
       185, 5.277405679E-02, 4.664777219E-02, 3.672493226E+05, 6.219020936E+02, 3.094218288E-01,-1.451843539E+05, 6.861853291E-04
       186, 5.243541300E-02, 4.724457115E-02, 3.682091758E+05, 6.218173988E+02, 3.060258783E-01,-1.455515137E+05, 6.861835602E-04
       187, 5.209506676E-02, 4.784039780E-02, 3.691356388E+05, 6.223471952E+02, 3.024534354E-01,-1.444202601E+05, 6.861822898E-04
       188, 5.175296217E-02, 4.843521863E-02, 3.700158800E+05, 6.233685639E+02, 2.987489787E-01,-1.419734519E+05, 6.861821133E-04
       189, 5.140907690E-02, 4.902900755E-02, 3.708553478E+05, 6.247172766E+02, 2.953001055E-01,-1.385527218E+05, 6.861830676E-04
       190, 5.106343701E-02, 4.962178320E-02, 3.716697957E+05, 6.261703024E+02, 2.919652237E-01,-1.346157493E+05, 6.861846861E-04
       191, 5.071608722E-02, 5.021355674E-02, 3.724549510E+05, 6.275457629E+02, 2.888671449E-01,-1.305793855E+05, 6.861865603E-04
       192, 5.036706850E-02, 5.080435053E-02, 3.732367087E+05, 6.287156198E+02, 2.859075916E-01,-1.267952872E+05, 6.861882929E-04
       193, 5.001642182E-02, 5.139418319E-02, 3.739997366E+05, 6.296023628E+02, 2.829438413E-01,-1.234287170E+05, 6.861894959E-04
       194, 4.966419190E-02, 5.198307335E-02, 3.747547075E+05, 6.301733947E+02, 2.801190200E-01,-1.205948226E+05, 6.861897916E-04
       195, 4.931041598E-02, 5.257103220E-02, 3.754957919E+05, 6.304159117E+02, 2.772600266E-01,-1.183221380E+05, 6.861890413E-04
       196, 4.895508662E-02, 5.315805599E-02, 3.762220242E+05, 6.303341902E+02, 2.743938271E-01,-1.166308935E+05, 6.861877585E-04
       197, 4.859818518E-02, 5.374411866E-02, 3.769258668E+05, 6.299563363E+02, 2.716440341E-01,-1.155364116E+05, 6.861863147E-04
       198, 4.823967069E-02, 5.432919785E-02, 3.776135169E+05, 6.293163465E+02, 2.690510197E-01,-1.149889401E+05, 6.861850265E-04
       199, 4.787952080E-02, 5.491327122E-02, 3.782847978E+05, 6.284384847E+02, 2.664284688E-01,-1.149520255E+05, 6.861842174E-04
       200, 4.751770198E-02, 5.549630895E-02, 3.789327529E+05, 6.273651213E+02, 2.638701066E-01,-1.154022723E+05, 6.861842174E-04
       201, 4.715418443E-02, 5.607829243E-02, 3.795626892E+05, 6.261817356E+02, 2.614553206E-01,-1.162408352E+05, 6.861852861E-04
       202, 4.678893834E-02, 5.665919557E-02, 3.801762319E+05, 6.249753127E+02, 2.590592320E-01,-1.173049510E+05, 6.861865857E-04
       203, 4.642195255E-02, 5.723899603E-02, 3.807729271E+05, 6.238328083E+02, 2.566424292E-01,-1.184051945E+05, 6.861874567E-04
       204, 4.605320841E-02, 5.781768635E-02, 3.813527431E+05, 6.228322558E+02, 2.542160834E-01,-1.193816084E+05, 6.861880823E-04
       205, 4.568268359E-02, 5.839523673E-02, 3.819169131E+05, 6.220306927E+02, 2.517573750E-01,-1.201102915E+05, 6.861886706E-04
       206, 4.531037435E-02, 5.897163972E-02, 3.824646993E+05, 6.214764348E+02, 2.492524589E-01,-1.204458747E+05, 6.861894324E-04
       207, 4.493625462E-02, 5.954686925E-02, 3.829969518E+05, 6.211785088E+02, 2.467603049E-01,-1.203256899E+05, 6.861905808E-04
       208, 4.456031322E-02, 6.012091413E-02, 3.835175811E+05, 6.211056006E+02, 2.441626287E-01,-1.197650568E+05, 6.861919334E-04
       209, 4.418252781E-02, 6.069374457E-02, 3.840193496E+05, 6.212240850E+02, 2.414906825E-01,-1.187751399E+05, 6.861923143E-04
       210, 4.380286857E-02, 6.126533449E-02, 3.845052686E+05, 6.214840442E+02, 2.389144913E-01,-1.174438007E+05, 6.861917585E-04
       211, 4.342131317E-02, 6.183566153E-02, 3.849779111E+05, 6.218070583E+02, 2.363582061E-01,-1.158917892E+05, 6.861906479E-04
       212, 4.303782806E-02, 6.240469217E-02, 3.854374989E+05, 6.221253646E+02, 2.338141060E-01,-1.142235787E+05, 6.861893713E-04
       213, 4.265239090E-02, 6.297240406E-02, 3.858848029E+05, 6.223741864E+02, 2.312878257E-01,-1.125724996E+05, 6.861883241E-04
       214, 4.226496816E-02, 6.353875250E-02, 3.863183455E+05, 6.225055805E+02, 2.287941125E-01,-1.110441094E+05, 6.861879039E-04
       215, 4.187554866E-02, 6.410373747E-02, 3.867379280E+05, 6.224909089E+02, 2.263930789E-01,-1.097200075E+05, 6.861882796E-04
       216, 4.148413986E-02, 6.466734409E-02, 3.871440769E+05, 6.223131193E+02, 2.241043198E-01,-1.086413107E+05, 6.861892286E-04
       217, 4.109075293E-02, 6.522957236E-02, 3.875385458E+05, 6.219639032E+02, 2.219165651E-01,-1.078287923E+05, 6.861905636E-04
       218, 4.069541022E-02, 6.579042971E-02, 3.879223494E+05, 6.214399355E+02, 2.197989979E-01,-1.073100129E+05, 6.861921075E-04
       219, 4.029813036E-02, 6.634991616E-02, 3.882954887E+05, 6.207538664E+02, 2.177393539E-01,-1.070841624E+05, 6.861936847E-04
       220, 3.989893198E-02, 6.690804660E-02, 3.886577426E+05, 6.199279064E+02, 2.157967630E-01,-1.071508148E+05, 6.861951211E-04
       221, 3.949782997E-02, 6.746479869E-02, 3.890127423E+05, 6.189993479E+02, 2.139235230E-01,-1.074557890E+05, 6.861960832E-04
       222, 3.909480944E-02, 6.802017242E-02, 3.893602269E+05, 6.180083581E+02, 2.120424489E-01,-1.079191342E+05, 6.861957579E-04
       223, 3.868984804E-02, 6.857413054E-02, 3.897009707E+05, 6.169869167E+02, 2.101342804E-01,-1.085171841E+05, 6.861943857E-04
       224, 3.828289360E-02, 6.912662089E-02, 3.900322747E+05, 6.159774804E+02, 2.081839420E-01,-1.091862342E+05, 6.861925954E-04
       225, 3.787390888E-02, 6.967761368E-02, 3.903538375E+05, 6.150297619E+02, 2.062459230E-01,-1.098578556E+05, 6.861910317E-04
       226, 3.746284544E-02, 7.022704929E-02, 3.906657358E+05, 6.141906902E+02, 2.043112536E-01,-1.104544558E+05, 6.861903548E-04
       227, 3.704966977E-02, 7.077490538E-02, 3.909680316E+05, 6.134965323E+02, 2.024022169E-01,-1.109054267E+05, 6.861912246E-04
       228, 5.890699103E-02, 6.318055838E-02, 2.333088755E+05, 6.467770433E+02, 3.538321831E-01,-1.624088676E+05, 6.861773334E-04
       229, 5.868558586E-02, 6.383003294E-02, 2.335967410E+05, 6.465147464E+02, 3.539002736E-01,-1.637770511E+05, 6.861774166E-04
       230, 5.846389011E-02, 6.447941065E-02, 2.338707529E+05, 6.463756981E+02, 3.537108216E-01,-1.648524756E+05, 6.861774997E-04
       231, 5.824190378E-02, 6.512869149E-02, 2.341207021E+05, 6.463771859E+02, 3.534683525E-01,-1.655633907E+05, 6.861775820E-04
       232, 5.801963061E-02, 6.577786803E-02, 2.343425687E+05, 6.465177832E+02, 3.532396733E-01,-1.659057230E+05, 6.861776409E-04
       233, 5.779705569E-02, 6.642694771E-02, 2.345485789E+05, 6.467870644E+02, 3.531013518E-01,-1.659193566E+05, 6.861776350E-04
       234, 5.757417157E-02, 6.707591563E-02, 2.347545319E+05, 6.471772823E+02, 3.530339284E-01,-1.656050624E+05, 6.861775771E-04
       235, 5.735096335E-02, 6.772477180E-02, 2.349783251E+05, 6.476636987E+02, 3.529369015E-01,-1.649896058E+05, 6.861774892E-04
       236, 5.712740868E-02, 6.837351620E-02, 2.352199707E+05, 6.482075273E+02, 3.526843606E-01,-1.641501215E+05, 6.861773942E-04
       237, 5.690350756E-02, 6.902213395E-02, 2.354583710E+05, 6.487650053E+02, 3.522431436E-01,-1.631463069E+05, 6.861773160E-04
       238, 5.667923391E-02, 6.967062503E-02, 2.356734778E+05, 6.492954412E+02, 3.517929204E-01,-1.621028121E+05, 6.861772793E-04
       239, 5.645457655E-02, 7.031898201E-02, 2.358661365E+05, 6.497634333E+02, 3.514808263E-01,-1.611473869E+05, 6.861773099E-04
       240, 5.622952804E-02, 7.096720487E-02, 2.360529743E+05, 6.501527128E+02, 3.512759004E-01,-1.603499815E+05, 6.861774345E-04
       241, 5.600406602E-02, 7.161528617E-02, 2.362379173E+05, 6.504526226E+02, 3.510815746E-01,-1.597390996E+05, 6.861776187E-04
       242, 5.577818677E-02, 7.226321846E-02, 2.364168282E+05, 6.506535402E+02, 3.509024561E-01,-1.593268206E+05, 6.861777431E-04
       243, 5.555186421E-02, 7.291100174E-02, 2.365976774E+05, 6.507531197E+02, 3.507277269E-01,-1.591691350E+05, 6.861778144E-04
       244, 5.532509834E-02, 7.355862111E-02, 2.367642037E+05, 6.507514252E+02, 3.505505999E-01,-1.592594754E+05, 6.861778614E-04
       245, 5.509786680E-02, 7.420608401E-02, 2.369243321E+05, 6.506579659E+02, 3.504807645E-01,-1.596372593E+05, 6.861779139E-04
       246, 5.487015843E-02, 7.485337555E-02, 2.370769973E+05, 6.504883389E+02, 3.504639966E-01,-1.602517315E+05, 6.861780024E-04
       247, 5.464196205E-02, 7.550050318E-02, 2.372357935E+05, 6.502663740E+02, 3.505225712E-01,-1.611021072E+05, 6.861781583E-04
       248, 5.441326275E-02, 7.614744455E-02, 2.374008087E+05, 6.500180491E+02, 3.505047721E-01,-1.621112586E+05, 6.861784139E-04
       249, 5.418404937E-02, 7.679420710E-02, 2.375574229E+05, 6.497709815E+02, 3.503497681E-01,-1.631489659E+05, 6.861788020E-04
       250, 5.395430326E-02, 7.744078338E-02, 2.376957814E+05, 6.495515796E+02, 3.501771908E-01,-1.641502308E+05, 6.861792274E-04
       251, 5.372401327E-02, 7.808715850E-02, 2.378260969E+05, 6.493787372E+02, 3.499857861E-01,-1.651075718E+05, 6.861794282E-04
       252, 5.349315703E-02, 7.873333991E-02, 2.379328818E+05, 6.492645201E+02, 3.497709867E-01,-1.659800303E+05, 6.861794174E-04
       253, 5.326170847E-02, 7.937930524E-02, 2.380253525E+05, 6.492227045E+02, 3.495858837E-01,-1.667401098E+05, 6.861792557E-04
       254, 5.302964896E-02, 8.002505451E-02, 2.380990701E+05, 6.492717236E+02, 3.494345165E-01,-1.673308344E+05, 6.861790061E-04
       255, 5.279695988E-02, 8.067057282E-02, 2.381697599E+05, 6.494202763E+02, 3.493209650E-01,-1.676941218E+05, 6.861787337E-04
       256, 5.256361887E-02, 8.131586015E-02, 2.382465323E+05, 6.496650398E+02, 3.490607559E-01,-1.677912348E+05, 6.861785060E-04
       257, 5.232960358E-02, 8.196090162E-02, 2.383170598E+05, 6.499970597E+02, 3.486240734E-01,-1.676201600E+05, 6.861783926E-04
       258, 5.209489539E-02, 8.260568976E-02, 2.383713642E+05, 6.504035221E+02, 3.481591999E-01,-1.672448544E+05, 6.861784650E-04
       259, 5.185947195E-02, 8.325022459E-02, 2.384111061E+05, 6.508667188E+02, 3.476721301E-01,-1.667090826E+05, 6.861786962E-04
       260, 5.162331834E-02, 8.389448375E-02, 2.384316341E+05, 6.513696463E+02, 3.471622229E-01,-1.660783654E+05, 6.861789092E-04
       261, 5.138641968E-02, 8.453846723E-02, 2.384303664E+05, 6.518977629E+02, 3.467035270E-01,-1.653328334E+05, 6.861791211E-04
       262, 5.114876479E-02, 8.518217504E-02, 2.384087395E+05, 6.524365365E+02, 3.461929299E-01,-1.645484751E+05, 6.861793845E-04
       263, 5.091033131E-02, 8.582559973E-02, 2.383656706E+05, 6.529679493E+02, 3.456878201E-01,-1.637412294E+05, 6.861797527E-04
       264, 5.067111552E-02, 8.646873385E-02, 2.382953532E+05, 6.534788901E+02, 3.450945526E-01,-1.629063522E+05, 6.861802803E-04
       265, 5.043109879E-02, 8.711156994E-02, 2.381891775E+05, 6.539644282E+02, 3.445287488E-01,-1.621479349E+05, 6.861810226E-04
       266, 5.019026622E-02, 8.775409311E-02, 2.380435678E+05, 6.544215664E+02, 3.440382810E-01,-1.614691929E+05, 6.861820360E-04
       267, 4.994861037E-02, 8.839631826E-02, 2.378571521E+05, 6.548486087E+02, 3.435721303E-01,-1.608325530E+05, 6.861833767E-04
       268, 4.970610514E-02, 8.903822303E-02, 2.376286657E+05, 6.552456840E+02, 3.431098583E-01,-1.602282438E+05, 6.861847039E-04
       269, 4.946272075E-02, 8.967979252E-02, 2.373527938E+05, 6.556155578E+02, 3.426956651E-01,-1.596809752E+05, 6.861851969E-04
       270, 4.921840876E-02, 9.032101184E-02, 2.370296468E+05, 6.559634022E+02, 3.423796957E-01,-1.591935933E+05, 6.861849345E-04
       271, 4.897312075E-02, 9.096185863E-02, 2.366622010E+05, 6.562966559E+02, 3.422151752E-01,-1.587673676E+05, 6.861841526E-04
       272, 4.872680828E-02, 9.160230309E-02, 2.362625514E+05, 6.566221512E+02, 3.421052479E-01,-1.583493427E+05, 6.861830993E-04
       273, 4.847942293E-02, 9.224234521E-02, 2.358281235E+05, 6.569454592E+02, 3.419525620E-01,-1.579248610E+05, 6.861820349E-04
       274, 4.823091254E-02, 9.288194776E-02, 2.353404849E+05, 6.572719572E+02, 3.418706593E-01,-1.574644742E+05, 6.861812322E-04
       275, 4.798123240E-02, 9.352108836E-02, 2.348174712E+05, 6.576088718E+02, 3.421063941E-01,-1.570060504E+05, 6.861809761E-04
       276, 4.773033410E-02, 9.415975213E-02, 2.343036785E+05, 6.579624394E+02, 3.424525292E-01,-1.566030086E+05, 6.861815624E-04
       277, 4.747816920E-02, 9.479792416E-02, 2.337759938E+05, 6.583302465E+02, 3.424404708E-01,-1.560867342E+05, 6.861828637E-04
       278, 4.722471535E-02, 9.543557465E-02, 2.331883015E+05, 6.587130429E+02, 3.425068212E-01,-1.554617589E+05, 6.861840367E-04
       279, 4.696995392E-02, 9.607271850E-02, 2.325869798E+05, 6.591128072E+02, 3.428646032E-01,-1.548427853E+05, 6.861850284E-04
       280, 4.671387002E-02, 9.670932591E-02, 2.319699238E+05, 6.595254822E+02, 3.431995910E-01,-1.541961043E+05, 6.861859355E-04
       281, 4.645645618E-02, 9.734539688E-02, 2.313385481E+05, 6.599464539E+02, 3.435124876E-01,-1.534859107E+05, 6.861868558E-04
       282, 4.619769379E-02, 9.798092395E-02, 2.306843387E+05, 6.603728080E+02, 3.438009414E-01,-1.527171978E+05, 6.861878884E-04
       283, 4.593757167E-02, 9.861589968E-02, 2.300053304E+05, 6.608015821E+02, 3.441478226E-01,-1.519016262E+05, 6.861891331E-04
       284, 4.567607492E-02, 9.925030917E-02, 2.293075766E+05, 6.612292332E+02, 3.445690880E-01,-1.510546452E+05, 6.861906914E-04
       285, 4.541319236E-02, 9.988414496E-02, 2.285971422E+05, 6.616513810E+02, 3.451060602E-01,-1.502048914E+05, 6.861926632E-04
       286, 4.514890164E-02, 1.005173996E-01, 2.278915574E+05, 6.620640099E+02, 3.456620806E-01,-1.493799179E+05, 6.861945092E-04
       287, 4.488315806E-02, 1.011500508E-01, 2.271695076E+05, 6.624625732E+02, 3.462034707E-01,-1.485420249E+05, 6.861949555E-04
       288, 4.461590201E-02, 1.017820612E-01, 2.264464377E+05, 6.628471952E+02, 3.468742756E-01,-1.477052823E+05, 6.861942697E-04
       289, 4.434706271E-02, 1.024133936E-01, 2.257329936E+05, 6.632188940E+02, 3.477292557E-01,-1.469122767E+05, 6.861929895E-04
       290, 4.407658428E-02, 1.030440331E-01, 2.250712509E+05, 6.635783836E+02, 3.486892277E-01,-1.461938098E+05, 6.861916757E-04
       291, 4.380439222E-02, 1.036739275E-01, 2.244646062E+05, 6.639249976E+02, 3.494234208E-01,-1.455169418E+05, 6.861909132E-04
       292, 4.353041947E-02, 1.043030545E-01, 2.238807068E+05, 6.642558640E+02, 3.499065967E-01,-1.448366183E+05, 6.861913100E-04
       293, 4.325461388E-02, 1.049313694E-01, 2.232982054E+05, 6.645718734E+02, 3.502982049E-01,-1.441470759E+05, 6.861934977E-04
       294, 4.297689348E-02, 1.055588573E-01, 2.227112259E+05, 6.648753832E+02, 3.506860418E-01,-1.434541249E+05, 6.861981247E-04
       295, 4.269719496E-02, 1.061854661E-01, 2.221219675E+05, 6.651707776E+02, 3.512152143E-01,-1.428055889E+05, 6.862037335E-04
       296, 4.241540283E-02, 1.068111435E-01, 2.215541015E+05, 6.654605532E+02, 3.518679972E-01,-1.422181765E+05, 6.862062548E-04
       297, 4.213137925E-02, 1.074358076E-01, 2.210163167E+05, 6.657450985E+02, 3.523494449E-01,-1.416174143E+05, 6.862065482E-04
       298, 4.184498638E-02, 1.080593914E-01, 2.204823461E+05, 6.660252184E+02, 3.526814743E-01,-1.410069238E+05, 6.862063859E-04
       299, 4.155607522E-02, 1.086818129E-01, 2.199415100E+05, 6.663031653E+02, 3.531184460E-01,-1.404527876E+05, 6.862076530E-04
       300, 4.126451164E-02, 1.093029976E-01, 2.194037569E+05, 6.665770070E+02, 3.535563653E-01,-1.399130115E+05, 6.862123479E-04
       301, 4.097015038E-02, 1.099228710E-01, 2.188575278E+05, 6.668432994E+02, 3.538079034E-01,-1.392667658E+05, 6.862225814E-04
       302, 4.067284986E-02, 1.105413586E-01, 2.183087465E+05, 6.671044338E+02, 3.539940761E-01,-1.386345485E+05, 6.862405773E-04
       303, 4.037246853E-02, 1.111583784E-01, 2.177298790E+05, 6.673546777E+02, 3.537938404E-01,-1.379629023E+05, 6.862686414E-04
       304, 4.006884992E-02, 1.117738411E-01, 2.170359100E+05, 6.675929524E+02, 3.535117155E-01,-1.370904262E+05, 6.862992336E-04
       305, 3.976174444E-02, 1.123875976E-01, 2.163055420E+05, 6.678228829E+02, 3.531420705E-01,-1.362300387E+05, 6.863120551E-04
       306, 3.945086896E-02, 1.129994616E-01, 2.153512412E+05, 6.680315629E+02, 3.524138330E-01,-1.348675123E+05, 6.863097078E-04
       307, 3.913591057E-02, 1.136092246E-01, 2.143497644E+05, 6.682416560E+02, 3.532131560E-01,-1.337557187E+05, 6.862991625E-04
       308, 3.881656751E-02, 1.142166927E-01, 2.133896255E+05, 6.684756603E+02, 3.564855307E-01,-1.339438235E+05, 6.862879690E-04
       309, 3.849253431E-02, 1.148216501E-01, 2.125988884E+05, 6.686501289E+02, 3.569340500E-01,-1.323384829E+05, 6.862842567E-04
       310, 3.816350922E-02, 1.154239252E-01, 2.119986831E+05, 6.688182902E+02, 3.565656177E-01,-1.307729932E+05, 6.862967341E-04
       311, 3.782918677E-02, 1.160232946E-01, 2.114614103E+05, 6.690562027E+02, 3.599461932E-01,-1.324815816E+05, 6.863346879E-04
       312, 3.748925775E-02, 1.166195720E-01, 2.107089272E+05, 6.691899245E+02, 3.580651192E-01,-1.308832433E+05, 6.864078876E-04
       313, 3.714341670E-02, 1.172125265E-01, 2.097910697E+05, 6.692746324E+02, 3.555713606E-01,-1.281099839E+05, 6.864970040E-04
       314, 3.679130971E-02, 1.178018600E-01, 2.089068495E+05, 6.694772896E+02, 3.610298756E-01,-1.301268146E+05, 6.865427894E-04
       315, 3.643256426E-02, 1.183872074E-01, 2.079099743E+05, 6.695741079E+02, 3.613747594E-01,-1.288806712E+05, 6.865511264E-04
       316, 3.606680036E-02, 1.189681962E-01, 2.070175685E+05, 6.696027305E+02, 3.589230986E-01,-1.252763706E+05, 6.865401365E-04
       317, 3.569364175E-02, 1.195444465E-01, 2.064128253E+05, 6.697995738E+02, 3.659283382E-01,-1.282008869E+05, 6.865291777E-04
       318, 3.531271219E-02, 1.201155856E-01, 2.056938692E+05, 6.699062832E+02, 3.668501490E-01,-1.279413975E+05, 6.865388477E-04
       319, 3.492362797E-02, 1.206812337E-01, 2.048555636E+05, 6.699731392E+02, 3.679012705E-01,-1.271624922E+05, 6.865909800E-04
       320, 3.452601656E-02, 1.212410256E-01, 2.039549214E+05, 6.700137084E+02, 3.691614621E-01,-1.260813713E+05, 6.867086341E-04
       321, 3.411949798E-02, 1.217945740E-01, 2.031560584E+05, 6.699907685E+02, 3.675504545E-01,-1.224177900E+05, 6.869158225E-04
       322, 3.370368853E-02, 1.223414689E-01, 2.029055571E+05, 6.701607533E+02, 3.756049626E-01,-1.246958999E+05, 6.871587856E-04
       323, 3.327820450E-02, 1.228810921E-01, 2.028960467E+05, 6.703028304E+02, 3.783268831E-01,-1.250681719E+05, 6.872790088E-04
       324, 3.284264728E-02, 1.234126985E-01, 2.031113196E+05, 6.704300799E+02, 3.807105191E-01,-1.247289308E+05, 6.872903269E-04
       325, 3.239662573E-02, 1.239355281E-01, 2.034810418E+05, 6.705625057E+02, 3.817464972E-01,-1.245783818E+05, 6.872385842E-04
       326, 3.193974122E-02, 1.244487986E-01, 2.037652640E+05, 6.706898039E+02, 3.811433135E-01,-1.241010663E+05, 6.871728598E-04
       327, 3.147159889E-02, 1.249517575E-01, 2.036596018E+05, 6.708139717E+02, 3.810778290E-01,-1.231780911E+05, 6.871454948E-04
       328, 3.099180572E-02, 1.254436374E-01, 2.032332737E+05, 6.709542873E+02, 3.823744911E-01,-1.220382658E+05, 6.872120837E-04
       329, 3.049996309E-02, 1.259236783E-01, 2.029247825E+05, 6.711323638E+02, 3.870429453E-01,-1.210296230E+05, 6.874314199E-04
       330, 2.999567799E-02, 1.263910830E-01, 2.031983736E+05, 6.713585207E+02, 3.923095782E-01,-1.203829323E+05, 6.878647205E-04
       331, 2.947861701E-02, 1.268450469E-01, 2.041187815E+05, 6.716203406E+02, 3.972081469E-01,-1.195852837E+05, 6.884005477E-04
       332, 2.894866467E-02, 1.272845417E-01, 2.056642918E+05, 6.719079252E+02, 4.007180215E-01,-1.184386336E+05, 6.886964334E-04
       333, 2.840586752E-02, 1.277083457E-01, 2.080358509E+05, 6.722841813E+02, 4.063872019E-01,-1.191234746E+05, 6.887697915E-04
       334, 2.785029821E-02, 1.281152666E-01, 2.105638735E+05, 6.726967835E+02, 4.092128951E-01,-1.199947179E+05, 6.887030578E-04
       335, 2.728203125E-02, 1.285040826E-01, 2.131764398E+05, 6.730428958E+02, 4.073725740E-01,-1.175123910E+05, 6.885850499E-04
       336, 2.670113184E-02, 1.288735569E-01, 2.157322421E+05, 6.734402904E+02, 4.064228517E-01,-1.159997505E+05, 6.885110902E-04
       337, 2.610767819E-02, 1.292224973E-01, 2.179249499E+05, 6.738986298E+02, 4.091711116E-01,-1.153878888E+05, 6.885830118E-04
       338, 2.550173737E-02, 1.295496821E-01, 2.207224614E+05, 6.743961329E+02, 4.133408436E-01,-1.147390230E+05, 6.889090167E-04
       339, 2.488338575E-02, 1.298538744E-01, 2.239366878E+05, 6.750231273E+02, 4.238191632E-01,-1.181299941E+05, 6.896016931E-04
       340, 2.425285801E-02, 1.301338822E-01, 2.276533716E+05, 6.755856735E+02, 4.298932566E-01,-1.190210094E+05, 6.904844493E-04
       341, 2.361091785E-02, 1.303885430E-01, 2.315023589E+05, 6.760678861E+02, 4.314414777E-01,-1.178299514E+05, 6.910187944E-04
       342, 2.298877016E-02, 1.306075305E-01, 2.357869609E+05, 6.765235109E+02, 4.347873146E-01,-1.170345208E+05, 6.283692518E-04
       343, 2.235793136E-02, 1.308002174E-01, 2.403181345E+05, 6.770197382E+02, 4.373126349E-01,-1.190227602E+05, 6.911189607E-04
       344, 2.168950066E-02, 1.309746802E-01, 2.443935828E+05, 6.774187298E+02, 4.372949437E-01,-1.178719658E+05, 6.908563988E-04
       345, 2.104526013E-02, 1.311141253E-01, 2.485517656E+05, 6.777252651E+02, 4.376080660E-01,-1.152332382E+05, 6.277606018E-04
       346, 2.039567195E-02, 1.312241107E-01, 2.531212502E+05, 6.781182733E+02, 4.416126050E-01,-1.169356979E+05, 6.902224202E-04
       347, 1.971094497E-02, 1.313087940E-01, 2.578066204E+05, 6.784734442E+02, 4.467620876E-01,-1.175820276E+05, 6.900531149E-04
       348, 1.902297139E-02, 1.313604116E-01, 2.630088593E+05, 6.787308216E+02, 4.494905196E-01,-1.166541150E+05, 6.901745470E-04
       349, 1.833301038E-02, 1.313779801E-01, 2.688916921E+05, 6.789487793E+02, 4.526175282E-01,-1.168615830E+05, 6.906257367E-04
       350, 1.764255017E-02, 1.313612461E-01, 2.752577454E+05, 6.790929818E+02, 4.529593468E-01,-1.172486033E+05, 6.911244127E-04
       351, 1.695327833E-02, 1.313105673E-01, 2.814728705E+05, 6.791298153E+02, 4.487381893E-01,-1.161758772E+05, 6.915524950E-04
       352, 1.629793085E-02, 1.312316507E-01, 2.874721396E+05, 6.791128406E+02, 4.469193147E-01,-1.150445326E+05, 6.289654166E-04
       353, 1.564693078E-02, 1.311211437E-01, 2.936480312E+05, 6.791338697E+02, 4.462316707E-01,-1.179197665E+05, 6.920040584E-04
       354, 1.497091167E-02, 1.309742332E-01, 2.994218490E+05, 6.789955954E+02, 4.421968361E-01,-1.173895947E+05, 6.919920971E-04
       355, 1.433277689E-02, 1.308046430E-01, 3.047706463E+05, 6.787167506E+02, 4.350655982E-01,-1.137948949E+05, 6.289254318E-04
       356, 1.373327337E-02, 1.306155324E-01, 3.101485409E+05, 6.785035643E+02, 4.338546962E-01,-1.148282265E+05, 6.286205823E-04
       357, 1.311399415E-02, 1.303883940E-01, 3.157428529E+05, 6.782574789E+02, 4.337043595E-01,-1.178720380E+05, 6.909657650E-04
       358, 1.247741096E-02, 1.301209927E-01, 3.211683205E+05, 6.777833361E+02, 4.271721028E-01,-1.158722539E+05, 6.903714087E-04
       359, 1.188240759E-02, 1.298384070E-01, 3.265729769E+05, 6.772335475E+02, 4.206569781E-01,-1.131830813E+05, 6.273646761E-04
       360, 1.130130515E-02, 1.295284927E-01, 3.321239253E+05, 6.767449820E+02, 4.159803510E-01,-1.156911322E+05, 6.901015747E-04
       361, 1.070695370E-02, 1.291779578E-01, 3.375315767E+05, 6.760857932E+02, 4.082012875E-01,-1.153783014E+05, 6.902782202E-04
       362, 1.012824196E-02, 1.288017929E-01, 3.424738759E+05, 6.752872885E+02, 3.959760782E-01,-1.128671530E+05, 6.904898912E-04
       363, 9.590568021E-03, 1.284206957E-01, 3.470341046E+05, 6.744954678E+02, 3.885993781E-01,-1.114941505E+05, 6.278343381E-04
       364, 9.068851359E-03, 1.280179769E-01, 3.514680462E+05, 6.737204448E+02, 3.802434617E-01,-1.128219475E+05, 6.905419184E-04
       365, 8.538768627E-03, 1.275759041E-01, 3.557338247E+05, 6.728078508E+02, 3.723297856E-01,-1.124908550E+05, 6.901759181E-04
       366, 8.026479743E-03, 1.271141618E-01, 3.597262980E+05, 6.717991356E+02, 3.617746805E-01,-1.110197331E+05, 6.894136422E-04
       367, 7.532476448E-03, 1.266342700E-01, 3.635337445E+05, 6.707489260E+02, 3.521625880E-01,-1.101811106E+05, 6.882656852E-04
       368, 7.056701463E-03, 1.261376590E-01, 3.670961726E+05, 6.696495616E+02, 3.415974188E-01,-1.091884113E+05, 6.874161968E-04
       369, 6.598364096E-03, 1.256256849E-01, 3.704108303E+05, 6.685098521E+02, 3.310018377E-01,-1.082472711E+05, 6.870979735E-04
       370, 6.156426854E-03, 1.250996441E-01, 3.734790874E+05, 6.673418329E+02, 3.204773700E-01,-1.074302848E+05, 6.871540364E-04
       371, 5.729851313E-03, 1.245608255E-01, 3.763135035E+05, 6.661510560E+02, 3.097736453E-01,-1.065897989E+05, 6.874359228E-04
       372, 5.317598116E-03, 1.240105554E-01, 3.789018252E+05, 6.649470084E+02, 2.988665996E-01,-1.056837587E+05, 6.878071950E-04
       373, 4.918628838E-03, 1.234501377E-01, 3.812490730E+05, 6.637445061E+02, 2.880404397E-01,-1.046764307E+05, 6.881437405E-04
       374, 4.531904124E-03, 1.228808686E-01, 3.833734844E+05, 6.625565947E+02, 2.771384777E-01,-1.034703391E+05, 6.883337985E-04
       375, 4.156386014E-03, 1.223040596E-01, 3.852779601E+05, 6.614036270E+02, 2.661774216E-01,-1.020874636E+05, 6.882777933E-04
       376, 3.791088471E-03, 1.217209548E-01, 3.869721280E+05, 6.603163085E+02, 2.559301099E-01,-1.009237213E+05, 6.879235860E-04
       377, 3.435488325E-03, 1.211323515E-01, 3.884812867E+05, 6.593108038E+02, 2.468125556E-01,-1.000538042E+05, 6.874917733E-04
       378, 3.089661477E-03, 1.205384135E-01, 3.898440220E+05, 6.583842272E+02, 2.383158149E-01,-9.907056025E+04, 6.871122390E-04
       379, 2.753874287E-03, 1.199391484E-01, 3.910891975E+05, 6.575452663E+02, 2.303301364E-01,-9.808486021E+04, 6.867976131E-04
       380, 2.428394975E-03, 1.193345338E-01, 3.922410118E+05, 6.568079089E+02, 2.227733078E-01,-9.723275471E+04, 6.865601488E-04
       381, 2.113490831E-03, 1.187245697E-01, 3.933093293E+05, 6.561839995E+02, 2.154296093E-01,-9.645825542E+04, 6.864124068E-04
       382, 1.809429727E-03, 1.181092262E-01, 3.943005898E+05, 6.556822139E+02, 2.082336571E-01,-9.552343507E+04, 6.863672402E-04
       383, 1.516479533E-03, 1.174885109E-01, 3.952386550E+05, 6.553239662E+02, 2.006134404E-01,-9.463746198E+04, 6.864377769E-04
       384, 1.234907773E-03, 1.168624014E-01, 3.960690036E+05, 6.550944915E+02, 1.886674552E-01,-9.208858515E+04, 6.866373989E-04
       385, 1.000871533E-03, 1.163175032E-01, 3.966415512E+05, 6.551649916E+02, 1.886207530E-01,-9.391281746E+04, 4.994735274E-04
       386, 7.829963579E-04, 1.157661974E-01, 3.972892809E+05, 6.554933680E+02, 1.925212244E-01,-1.033868847E+05, 6.862748300E-04
       387, 5.581629812E-04, 1.151182130E-01, 3.981378763E+05, 6.556791099E+02, 1.958301266E-01,-1.075238204E+05, 6.860480953E-04
       388, 3.731703036E-04, 1.144576445E-01, 3.990960297E+05, 6.555962767E+02, 1.904479083E-01,-1.062345494E+05, 6.866399484E-04
       389, 2.292170539E-04, 1.137864664E-01, 4.000843803E+05, 6.554249928E+02, 1.810097894E-01,-1.059178210E+05, 6.868444428E-04
       390, 1.245993626E-04, 1.131080687E-01, 4.009844004E+05, 6.552527220E+02, 1.707309787E-01,-1.085864419E+05, 6.865458155E-04
       391, 5.980409696E-05, 1.124249920E-01, 4.017955015E+05, 6.549706474E+02, 1.589773286E-01,-1.107421182E+05, 6.863604434E-04
       392, 3.602352444E-05, 1.117392927E-01, 4.024935458E+05, 6.545102122E+02, 1.429277104E-01,-1.108669259E+05, 6.864840049E-04
       393, 5.280994446E-05, 1.110532209E-01, 4.030304455E+05, 6.539146305E+02, 1.253062991E-01,-1.107515081E+05, 6.866453439E-04
       394, 1.089037760E-04, 1.103691757E-01, 4.034488809E+05, 6.532041255E+02, 1.024708012E-01,-1.108853796E+05, 6.865901598E-04
       395, 2.043879067E-04, 1.096896231E-01, 4.036703605E+05, 6.523406670E+02, 7.782609557E-02,-1.096810784E+05, 6.864581670E-04
       396, 3.403279698E-04, 1.090170592E-01, 4.038030431E+05, 6.512300006E+02, 3.015494821E-02,-1.019013457E+05, 6.865084144E-04
       397, 5.166514311E-04, 1.083538607E-01, 4.038055334E+05, 6.503521619E+02, 3.785798861E-02,-1.047602546E+05, 6.865829424E-04
       398, 7.319680881E-04, 1.077022627E-01, 4.036334518E+05, 6.495490613E+02, 8.304692289E-02,-1.122507173E+05, 6.865063804E-04
       399, 9.847567417E-04, 1.070642993E-01, 4.034378054E+05, 6.484237650E+02, 1.004321789E-01,-1.114653702E+05, 6.865130995E-04
       400, 1.273712958E-03, 1.064418033E-01, 4.030881593E+05, 6.471497497E+02, 1.180523176E-01,-1.105858183E+05, 6.866270269E-04
       401, 1.598056406E-03, 1.058369875E-01, 4.027018397E+05, 6.457460723E+02, 1.288552535E-01,-1.093848989E+05, 6.865442081E-04
       402, 1.957659377E-03, 1.052526459E-01, 4.022556372E+05, 6.442386807E+02, 1.377303883E-01,-1.090914562E+05, 6.863351939E-04
       403, 2.351798350E-03, 1.046910584E-01, 4.018032825E+05, 6.425472494E+02, 1.429755223E-01,-1.066532783E+05, 6.864685195E-04
       404, 2.778220223E-03, 1.041531786E-01, 4.013530009E+05, 6.407030139E+02, 1.457251321E-01,-1.033094601E+05, 6.869014263E-04
       405, 3.234938486E-03, 1.036405638E-01, 4.009349584E+05, 6.388236118E+02, 1.476680562E-01,-1.027659721E+05, 6.867973092E-04
       406, 3.722257912E-03, 1.031576991E-01, 4.005878109E+05, 6.368323896E+02, 1.446588918E-01,-1.021140084E+05, 6.860185957E-04
       407, 4.239504691E-03, 1.027075127E-01, 4.004044820E+05, 6.345627984E+02, 1.321633977E-01,-9.697694457E+04, 6.860973640E-04
       408, 4.779013339E-03, 1.022832617E-01, 4.003638552E+05, 6.320851803E+02, 1.190098743E-01,-8.841966818E+04, 6.868058996E-04
       409, 5.329214502E-03, 1.018723547E-01, 4.003567679E+05, 6.297862536E+02, 1.132955588E-01,-8.421629391E+04, 6.866432931E-04
       410, 5.883374717E-03, 1.014671475E-01, 4.003308603E+05, 6.278131049E+02, 1.138126572E-01,-8.473455763E+04, 6.863678705E-04
       411, 6.439546589E-03, 1.010651067E-01, 4.002962168E+05, 6.260802043E+02, 1.146875446E-01,-8.598516100E+04, 6.861729683E-04
       412, 6.996535696E-03, 1.006644815E-01, 4.002605374E+05, 6.245539403E+02, 1.153914750E-01,-8.713901026E+04, 6.860337845E-04
       413, 7.553146221E-03, 1.002635211E-01, 4.002244226E+05, 6.232244227E+02, 1.161557997E-01,-8.803999020E+04, 6.859450593E-04
       414, 8.108182810E-03, 9.986048937E-02, 4.001832066E+05, 6.220867255E+02, 1.173108006E-01,-8.866711780E+04, 6.859210996E-04
       415, 8.660514839E-03, 9.945373237E-02, 4.001302533E+05, 6.211421287E+02, 1.192566699E-01,-8.938228598E+04, 6.859850084E-04
       416, 9.209539741E-03, 9.904238582E-02, 4.000613864E+05, 6.203703987E+02, 1.217241338E-01,-9.022741938E+04, 6.860879443E-04
       417, 9.755324572E-03, 9.862657636E-02, 3.999792425E+05, 6.197362748E+02, 1.239938699E-01,-9.089705276E+04, 6.861882176E-04
       418, 1.029814966E-02, 9.820675105E-02, 3.998888418E+05, 6.192012510E+02, 1.258680279E-01,-9.123520492E+04, 6.862736469E-04
       419, 1.083828975E-02, 9.778336436E-02, 3.997930032E+05, 6.187389370E+02, 1.274274612E-01,-9.143595307E+04, 6.863334222E-04
       420, 1.137602422E-02, 9.735685587E-02, 3.996944083E+05, 6.183352494E+02, 1.287737743E-01,-9.152269047E+04, 6.863579417E-04
       421, 1.191163063E-02, 9.692768008E-02, 3.995952686E+05, 6.179760726E+02, 1.298019151E-01,-9.155908966E+04, 6.863389367E-04
       422, 1.244532876E-02, 9.649617970E-02, 3.994984303E+05, 6.176446260E+02, 1.305412491E-01,-9.144301329E+04, 6.862877315E-04
       423, 1.297716517E-02, 9.606246650E-02, 3.994043627E+05, 6.173378003E+02, 1.312565952E-01,-9.142230957E+04, 6.862392897E-04
       424, 1.350705791E-02, 9.562645108E-02, 3.993114437E+05, 6.170434302E+02, 1.317924951E-01,-9.118744356E+04, 6.861997439E-04
       425, 1.403491199E-02, 9.518802911E-02, 3.992193203E+05, 6.167799782E+02, 1.327704266E-01,-9.150342075E+04, 6.861710669E-04
       426, 1.456063055E-02, 9.474707395E-02, 3.991256830E+05, 6.165193683E+02, 1.334937404E-01,-9.131141450E+04, 6.861553249E-04
       427, 1.508411672E-02, 9.430348873E-02, 3.990311503E+05, 6.162888069E+02, 1.344507632E-01,-9.166824316E+04, 6.861546765E-04
       428, 1.560527924E-02, 9.385716915E-02, 3.989363742E+05, 6.160691719E+02, 1.354438483E-01,-9.181745060E+04, 6.861702369E-04
       429, 1.612405293E-02, 9.340804070E-02, 3.988379460E+05, 6.158658729E+02, 1.364440704E-01,-9.196213642E+04, 6.861904412E-04
       430, 1.664042100E-02, 9.295611829E-02, 3.987375870E+05, 6.156736982E+02, 1.374557308E-01,-9.183866092E+04, 6.862066628E-04
       431, 1.715438254E-02, 9.250145406E-02, 3.986308054E+05, 6.155012552E+02, 1.380808470E-01,-9.159851952E+04, 6.862183058E-04
       432, 1.766593754E-02, 9.204405546E-02, 3.985301356E+05, 6.153842532E+02, 1.393389946E-01,-9.237642300E+04, 6.862249224E-04
       433, 1.817508973E-02, 9.158398956E-02, 3.984239950E+05, 6.152809105E+02, 1.408436603E-01,-9.293923108E+04, 6.862260708E-04
       434, 1.868183538E-02, 9.112126380E-02, 3.983135976E+05, 6.151751683E+02, 1.421018029E-01,-9.302904225E+04, 6.862213170E-04
       435, 1.918618008E-02, 9.065594524E-02, 3.981963416E+05, 6.150715392E+02, 1.430269684E-01,-9.287604616E+04, 6.862126001E-04
       436, 1.968813874E-02, 9.018805623E-02, 3.980814131E+05, 6.149840491E+02, 1.439575427E-01,-9.299274175E+04, 6.862064184E-04
       437, 2.018772811E-02, 8.971764892E-02, 3.979633623E+05, 6.149101064E+02, 1.452396217E-01,-9.341122046E+04, 6.862033389E-04
       438, 2.068497799E-02, 8.924476802E-02, 3.978428673E+05, 6.148348667E+02, 1.465145200E-01,-9.382530069E+04, 6.862026113E-04
       439, 2.117990889E-02, 8.876945823E-02, 3.977198529E+05, 6.147481364E+02, 1.477278243E-01,-9.417302337E+04, 6.862034975E-04
       440, 2.167254500E-02, 8.829177916E-02, 3.975948508E+05, 6.146452025E+02, 1.488893917E-01,-9.451685705E+04, 6.862052708E-04
       441, 2.216291055E-02, 8.781176060E-02, 3.974682958E+05, 6.145224130E+02, 1.500332472E-01,-9.489065634E+04, 6.862071843E-04
       442, 2.265101299E-02, 8.732943237E-02, 3.973400828E+05, 6.143791222E+02, 1.511663498E-01,-9.529900885E+04, 6.862080897E-04
       443, 2.313683368E-02, 8.684481680E-02, 3.972101859E+05, 6.142154545E+02, 1.523571403E-01,-9.575702598E+04, 6.862075934E-04
       444, 2.362034284E-02, 8.635789156E-02, 3.970769246E+05, 6.140314074E+02, 1.536066906E-01,-9.625659314E+04, 6.862060772E-04
       445, 2.410150692E-02, 8.586864918E-02, 3.969407979E+05, 6.138331118E+02, 1.548788815E-01,-9.678607699E+04, 6.862039502E-04
       446, 2.458029799E-02, 8.537708968E-02, 3.968011258E+05, 6.136324829E+02, 1.562219834E-01,-9.733253349E+04, 6.862016265E-04
       447, 2.505667880E-02, 8.488319814E-02, 3.966570446E+05, 6.134362713E+02, 1.576116494E-01,-9.787510524E+04, 6.861995248E-04
       448, 2.553062513E-02, 8.438697457E-02, 3.965087034E+05, 6.132507906E+02, 1.590336816E-01,-9.841566568E+04, 6.861983068E-04
       449, 2.600213699E-02, 8.388843387E-02, 3.963561010E+05, 6.130844798E+02, 1.604640542E-01,-9.894077933E+04, 6.861989881E-04
       450, 2.647124231E-02, 8.338762075E-02, 3.961998836E+05, 6.129485494E+02, 1.618922653E-01,-9.942366668E+04, 6.862010651E-04
       451, 2.693797648E-02, 8.288460225E-02, 3.960397300E+05, 6.128514682E+02, 1.633195758E-01,-9.985726440E+04, 6.862036616E-04
       452, 2.740237117E-02, 8.237941563E-02, 3.958760578E+05, 6.127981786E+02, 1.647465589E-01,-1.002375869E+05, 6.862059189E-04
       453, 2.786446363E-02, 8.187212050E-02, 3.957084957E+05, 6.127898664E+02, 1.661642148E-01,-1.005783895E+05, 6.862069957E-04
       454, 2.832428925E-02, 8.136277646E-02, 3.955375784E+05, 6.128241513E+02, 1.676355707E-01,-1.009105909E+05, 6.862060994E-04
       455, 2.878187038E-02, 8.085141331E-02, 3.953610875E+05, 6.128935257E+02, 1.691732273E-01,-1.012235301E+05, 6.862038271E-04
       456, 2.923721448E-02, 8.033805341E-02, 3.951796418E+05, 6.129905708E+02, 1.706762656E-01,-1.015107103E+05, 6.862017177E-04
       457, 2.969031222E-02, 7.982271910E-02, 3.949944072E+05, 6.131047397E+02, 1.721694681E-01,-1.018066177E+05, 6.861998998E-04
       458, 3.014115058E-02, 7.930540293E-02, 3.948047710E+05, 6.132208931E+02, 1.736951416E-01,-1.021438106E+05, 6.861983851E-04
       459, 3.058972582E-02, 7.878612727E-02, 3.946105131E+05, 6.133220465E+02, 1.752510337E-01,-1.025372689E+05, 6.861971863E-04
       460, 3.103602678E-02, 7.826489955E-02, 3.944113725E+05, 6.133932321E+02, 1.768144822E-01,-1.030021548E+05, 6.861963166E-04
       461, 3.148004785E-02, 7.774172723E-02, 3.942077801E+05, 6.134224178E+02, 1.784318185E-01,-1.035601098E+05, 6.861958635E-04
       462, 3.192178160E-02, 7.721663266E-02, 3.939980733E+05, 6.134026589E+02, 1.800957518E-01,-1.042161775E+05, 6.861962249E-04
       463, 3.236125410E-02, 7.668962330E-02, 3.937830916E+05, 6.133336477E+02, 1.818446238E-01,-1.049729981E+05, 6.861972483E-04
       464, 3.279846907E-02, 7.616075873E-02, 3.935600309E+05, 6.132178604E+02, 1.836762281E-01,-1.058026237E+05, 6.861985303E-04
       465, 3.323345259E-02, 7.563003898E-02, 3.933304041E+05, 6.130623079E+02, 1.854974973E-01,-1.066737109E+05, 6.861996714E-04
       466, 3.366621584E-02, 7.509750873E-02, 3.930947114E+05, 6.128762595E+02, 1.873244278E-01,-1.075749490E+05, 6.862002774E-04
       467, 3.409677371E-02, 7.456320524E-02, 3.928534162E+05, 6.126794847E+02, 1.891738333E-01,-1.085102473E+05, 6.861999632E-04
       468, 3.452514485E-02, 7.402714342E-02, 3.926065902E+05, 6.124966391E+02, 1.910176122E-01,-1.093532043E+05, 6.861989063E-04
       469, 3.495133668E-02, 7.348933816E-02, 3.923519251E+05, 6.123600700E+02, 1.928696932E-01,-1.100230458E+05, 6.861979349E-04
       470, 3.537534922E-02, 7.294981927E-02, 3.920901877E+05, 6.123111749E+02, 1.947102091E-01,-1.106079809E+05, 6.861970219E-04
       471, 3.579718620E-02, 7.240860164E-02, 3.918245755E+05, 6.123831131E+02, 1.965630949E-01,-1.110013709E+05, 6.861960221E-04
       472, 3.621685132E-02, 7.186570019E-02, 3.915482181E+05, 6.125994989E+02, 1.985494456E-01,-1.111947562E+05, 6.861947915E-04
       473, 3.663434461E-02, 7.132112980E-02, 3.912623683E+05, 6.129662010E+02, 2.005018496E-01,-1.111659081E+05, 6.861931874E-04
